60.518,72.4315,80.7404,56.6536,-32.9577,-134.4358,-122.9577,-104.9929,-89.8902,-58.5235,-33.5994,-8.4494,3.3506,1.3688,0.2489,0.1215,-0.0288,-0.0228,-0.0168,-0.0258,-0.0235,-0.0127,-0.0046,-0.0018,-0.0008,-0.0004,-0.0003,-0.0002,-0.0002,-0.0001,-0.0001,0,0,0,0,0,0,0,0,0,0,0,0,0,0,0,0,0,0,0,0,0,0,0,0,0,0,0,0,0,0,0,0,0,0,0,0,0,0,0,0,0,0,0,0,0,0,0,0,0,0,0,0,0,0,0,0,0,0,0,0,0,0,0,0,0,0,0,0,0,0.0001,0.0001,0.0003,0.0007,0.0022,0.0074,0.0178,0.028,0.0212,-0.0279,-0.1382,-0.326,-0.758,-1.625,-2.6915,-3.4587,-4.2474,-6.0102,-7.1703,-8.0484,-10.6636,-15.2652,-14.6127,-7.4815,2.7702,7.3758,8.5126,15.3221
72.4315,121.8255,158.2243,139.9717,12.8096,-151.7503,-152.2819,-139.885,-131.2289,-92.4655,-42.3864,18.7788,34.4876,14.0641,3.471,0.9472,-0.1146,-0.3619,-0.3038,-0.2391,-0.1751,-0.1027,-0.0487,-0.0174,-0.0031,0.0012,0.0013,0.0005,-0.0003,-0.0004,-0.0002,-0.0001,0,0,0,0,0,0,0,0,0,0,0,0,0,0,0,0,0,0,0,0,0,0,0,0,0,0,0,0,0,0,0,0,0,0,0,0,0,0,0,0,0,0,0,0,0,0,0,0,0,0,0,0,0,0,0,0,0,0,0,0,0,0,0,0,0,0,0,0,0.0001,0.0002,0.0006,0.0018,0.0053,0.0134,0.0266,0.0374,0.0234,-0.0462,-0.1613,-0.3025,-0.5656,-0.8937,-0.5348,1.6985,2.9509,-2.603,-11.8089,-27.1192,-53.3789,-78.6144,-82.9279,-65.5222,-40.2737,-24.2164,-10.7537,3.0363
80.7404,158.2243,233.6062,226.3158,52.3439,-206.2153,-234.068,-225.0645,-216.4565,-163.9959,-69.4402,59.4058,88.1462,37.2966,9.7737,2.6435,-0.3642,-1.1219,-0.9325,-0.7148,-0.5399,-0.3382,-0.1659,-0.058,-0.0081,0.0069,0.0068,0.0029,-0.0006,-0.0014,-0.0008,-0.0003,-0.0001,0,0,0,0,0,0,0,0,0,0,0,0,0,0,0,0,0,0,0,0,0,0,0,0,0,0,0,0,0,0,0,0,0,0,0,0,0,0,0,0,0,0,0,0,0,0,0,0,0,0,0,0,0,0,0,0,0,0,0,0,0,0,0,0,0,0,0,0,0.0001,0.0004,0.0012,0.0036,0.0093,0.0187,0.0272,0.0175,-0.0369,-0.1321,-0.2461,-0.4325,-0.5414,0.2261,3.1471,5.3406,0.3743,-9.5642,-27.4889,-59.2521,-91.3427,-99.615,-81.2274,-54.7332,-39.2521,-19.7511,-0.5402
56.6536,139.9717,226.3158,256.5152,150.8114,-48.4437,-84.2355,-105.8657,-136.3168,-122.1177,-26.7437,132.4405,157.1792,69.1433,19.1548,5.3066,-0.3208,-2.1412,-2.0005,-1.6176,-1.2178,-0.7385,-0.3588,-0.1188,-0.0019,0.0322,0.0278,0.0143,0.0023,-0.002,-0.0016,-0.0007,-0.0003,-0.0001,0,0,0,0,0,0,0,0,0,0,0,0,0,0,0,0,0,0,0,0,0,0,0,0,0,0,0,0,0,0,0,0,0,0,0,0,0,0,0,0,0,0,0,0,0,0,0,0,0,0,0,0,0,0,0,0,0,0,0,0,0,0,0,0,0,0,0,0.0001,0.0002,0.0006,0.0018,0.0047,0.0095,0.0142,0.0101,-0.0172,-0.0628,-0.108,-0.1641,-0.0989,0.6595,3.0686,5.1012,1.6654,-6.5475,-23.1507,-54.207,-87.8346,-99.9833,-85.8462,-62.5395,-47.5767,-27.6458,-9.7635
-32.9577,12.8096,52.3439,150.8114,425.672,770.2879,801.6407,663.4608,528.3455,402.7251,318.7937,218.9935,139.1444,65.0513,19.6357,5.0307,0.824,-1.9491,-2.734,-2.4332,-1.5468,-0.6664,-0.2806,-0.066,0.0622,0.1024,0.0864,0.0541,0.0266,0.0121,0.0054,0.0021,0.0007,0.0002,0,0,0,0,0,0,0,0,0,0,0,0,0,0,0,0,0,0,0,0,0,0,0,0,0,0,0,0,0,0,0,0,0,0,0,0,0,0,0,0,0,0,0,0,0,0,0,0,0,0,0,0,0,0,0,0,0,0,0,0,0,0,0,0,0,0,0,0,0.0001,0.0002,0.0006,0.0014,0.0028,0.0043,0.0045,0.0018,0.0044,0.0325,0.1303,0.4126,1.0937,2.3179,3.1154,1.6224,-3.1719,-15.488,-39.6946,-67.454,-80.7109,-73.9492,-60.4558,-47.6815,-30.9972,-28.2649
-134.4358,-151.7503,-206.2153,-48.4437,770.2879,2051.4493,2348.2681,2117.0818,1872.4914,1543.2805,1067.3304,300.4464,-45.2704,-17.2402,-2.1413,-2.7419,4.5809,1.7575,-1.9521,-2.2236,-0.0863,1.3478,0.8666,0.3965,0.2773,0.2601,0.2291,0.1758,0.1342,0.0944,0.0515,0.0225,0.0083,0.0026,0.0007,0.0002,0,0,0,0,0,0,0,0,0,0,0,0,0,0,0,0,0,0,0,0,0,0,0,0,0,0,0,0,0,0,0,0,0,0,0,0,0,0,0,0,0,0,0,0,0,0,0,0,0,0,0,0,0,0,0,0,0,0,0,0,0,0,0,0,0,0,0,0,0.0001,0.0002,0.0002,0.0003,0.0019,0.0086,0.0294,0.0816,0.2261,0.5467,1.041,1.3914,1.2574,0.9151,-1.1487,-9.0666,-25.5812,-45.3577,-57.5086,-57.1761,-52.9095,-42.3437,-31.4797,-47.1714
-122.9577,-152.2819,-234.068,-84.2355,801.6407,2348.2681,2985.7077,2898.63,2636.9926,2211.4696,1449.3819,276.5028,-208.9786,-98.0357,-26.3138,-8.338,12.5994,10.1105,1.2025,-1.815,1.9709,5.3471,3.5767,1.5588,0.7947,0.5997,0.5361,0.4482,0.3748,0.2784,0.1564,0.0706,0.0273,0.0091,0.0026,0.0006,0.0001,0,0,0,0,0,0,0,0,0,0,0,0,0,0,0,0,0,0,0,0,0,0,0,0,0,0,0,0,0,0,0,0,0,0,0,0,0,0,0,0,0,0,0,0,0,0,0,0,0,0,0,0,0,0,0,0,0,0,0,0,0,0,0,0,0,0,0,0,0.0001,0.0001,0.0002,0.0013,0.0055,0.0169,0.0439,0.1155,0.2608,0.446,0.5068,0.35,0.2783,-0.5042,-4.592,-14.0489,-26.3085,-35.5302,-37.9536,-36.8237,-28.4654,-24.9867,-42.6353
-104.9929,-139.885,-225.0645,-105.8657,663.4608,2117.0818,2898.63,3096.8907,2977.0019,2472.3095,1642.9119,457.0327,-137.5159,-73.778,-18.3723,-4.4578,22.855,17.6001,2.559,-3.9494,1.869,8.923,6.6645,3.3481,2.0339,1.6245,1.405,1.1703,0.9867,0.7169,0.3943,0.1766,0.0691,0.0234,0.0068,0.0016,0.0003,0,0,0,0,0,0,0,0,0,0,0,0,0,0,0,0,0,0,0,0,0,0,0,0,0,0,0,0,0,0,0,0,0,0,0,0,0,0,0,0,0,0,0,0,0,0,0,0,0,0,0,0,0,0,0,0,0,0,0,0,0,0,0,0,0,0,0,0,0,0.0001,0.0001,0.0005,0.0019,0.006,0.0163,0.0444,0.1056,0.2024,0.3341,0.4685,0.5372,0.1583,-2.1177,-8.0502,-16.5141,-23.409,-26.0064,-25.7596,-20.6085,-20.8872,-34.6998
-89.8902,-131.2289,-216.4565,-136.3168,528.3455,1872.4914,2636.9926,2977.0019,3086.5922,2639.9047,1834.9993,629.1335,-110.0849,-73.1308,-18.6216,-8.551,27.3896,20.3828,1.7,-5.4426,3.0639,13.0603,9.9173,5.2887,3.4096,2.8935,2.6621,2.3562,2.1642,1.666,0.9422,0.4286,0.1695,0.0583,0.0171,0.004,0.0006,0,0,0,0,0,0,0,0,0,0,0,0,0,0,0,0,0,0,0,0,0,0,0,0,0,0,0,0,0,0,0,0,0,0,0,0,0,0,0,0,0,0,0,0,0,0,0,0,0,0,0,0,0,0,0,0,0,0,0,0,0,0,0,0,0,0,0,0,0,0,0,0.0001,0.0006,0.0023,0.0066,0.0194,0.0511,0.1092,0.1984,0.3055,0.4086,0.3009,-0.815,-4.0148,-8.8694,-13.215,-15.2234,-15.8445,-13.771,-14.6734,-25.6883
-58.5235,-92.4655,-163.9959,-122.1177,402.7251,1543.2805,2211.4696,2472.3095,2639.9047,2516.0638,1861.2957,393.7295,-428.0301,-241.9374,-77.9292,-31.5611,24.0814,21.6632,1.2759,-2.7957,10.293,19.6759,11.8444,4.7518,2.633,2.7335,3.1877,3.2544,3.3872,2.8981,1.7728,0.8625,0.3617,0.1312,0.0411,0.0108,0.0021,0.0003,0,0,0,0,0,0,0,0,0,0,0,0,0,0,0,0,0,0,0,0,0,0,0,0,0,0,0,0,0,0,0,0,0,0,0,0,0,0,0,0,0,0,0,0,0,0,0,0,0,0,0,0,0,0,0,0,0,0,0,0,0,0,0,0,0,0,0,0,0,0,0,0.0002,0.001,0.003,0.0088,0.0224,0.0425,0.0504,0.0338,0.0475,0.021,-0.3872,-1.5872,-3.4007,-5.2346,-6.4774,-7.2837,-6.2421,-6.7344,-14.5361
-33.5994,-42.3864,-69.4402,-26.7437,318.7937,1067.3304,1449.3819,1642.9119,1834.9993,1861.2957,1866.4897,1221.0459,509.6747,267.5591,103.9926,16.3752,3.3305,-40.6568,-64.5054,-56.9158,-37.6251,-26.3836,-23.53,-11.9226,0.9254,8.5445,10.1545,8.649,6.8498,4.8525,2.7241,1.2676,0.5138,0.1806,0.0536,0.0118,0.001,-0.0004,-0.0002,0,0.0001,0,0,0,0,0,0,0,0,0,0,0,0,0,0,0,0,0,0,0,0,0,0,0,0,0,0,0,0,0,0,0,0,0,0,0,0,0,0,0,0,0,0,0,0,0,0,0,0,0,0,0,0,0,0,0,0,0,0,0,0,0,0,0,0,0,0,0,0,0,0.0002,0.0008,0.0032,0.0102,0.0268,0.0567,0.0824,0.0533,-0.1147,-0.735,-2.4052,-5.0991,-7.6174,-9.002,-9.5058,-9.2092,-8.2414,-11.62
-8.4494,18.7788,59.4058,132.4405,218.9935,300.4464,276.5028,457.0327,629.1335,393.7295,1221.0459,3229.3739,3428.8417,1943.3789,731.0355,228.258,-25.3314,-209.3925,-253.3405,-248.1193,-240.8853,-211.1956,-147.2371,-61.588,5.2463,38.4495,41.5567,31.3861,18.0008,7.0541,1.5498,-0.2193,-0.4523,-0.2938,-0.1495,-0.07,-0.0279,-0.0085,-0.0018,0,0.0002,0.0002,0.0001,0,0,0,0,0,0,0,0,0,0,0,0,0,0,0,0,0,0,0,0,0,0,0,0,0,0,0,0,0,0,0,0,0,0,0,0,0,0,0,0,0,0,0,0,0,0,0,0,0,0,0,0,0,0,0,0,0,0,0,0,0,0,0,0,0,0,-0.0001,-0.0001,-0.0002,0.0001,0.0028,0.0161,0.063,0.1359,0.1179,-0.0928,-0.832,-2.9416,-6.6181,-10.219,-12.1106,-12.4427,-13.1181,-11.7387,-10.5221
3.3506,34.4876,88.1462,157.1792,139.1444,-45.2704,-208.9786,-137.5159,-110.0849,-428.0301,509.6747,3428.8417,4332.693,2573.896,1001.4129,344.0575,-36.0898,-302.6962,-372.2794,-390.8332,-408.7234,-369.2402,-256.4659,-107.5168,10.8535,71.5944,77.9279,58.5315,29.5974,6.4037,-2.7439,-3.8652,-2.6269,-1.3435,-0.595,-0.2448,-0.087,-0.0242,-0.0044,0.0002,0.0007,0.0005,0.0002,0.0001,0,0,0,0,0,0,0,0,0,0,0,0,0,0,0,0,0,0,0,0,0,0,0,0,0,0,0,0,0,0,0,0,0,0,0,0,0,0,0,0,0,0,0,0,0,0,0,0,0,0,0,0,0,0,0,0,0,0,0,0,0,0,0,0,0,0,-0.0001,-0.0002,-0.0002,0.0003,0.0053,0.027,0.0646,0.0574,-0.0497,-0.4385,-1.6015,-3.7391,-5.9787,-7.2931,-7.6468,-8.4054,-7.672,-5.8743
1.3688,14.0641,37.2966,69.1433,65.0513,-17.2402,-98.0357,-73.778,-73.1308,-241.9374,267.5591,1943.3789,2573.896,1603.5523,653.6337,233.0063,-25.8097,-220.6298,-280.9798,-303.685,-328.5454,-308.8877,-222.422,-94.8192,12.5535,70.0632,77.7364,60.1194,30.8456,6.3389,-3.4943,-4.6913,-3.2518,-1.7206,-0.789,-0.3346,-0.1221,-0.0349,-0.0065,0.0003,0.0012,0.0008,0.0004,0.0002,0,0,0,0,0,0,0,0,0,0,0,0,0,0,0,0,0,0,0,0,0,0,0,0,0,0,0,0,0,0,0,0,0,0,0,0,0,0,0,0,0,0,0,0,0,0,0,0,0,0,0,0,0,0,0,0,0,0,0,0,0,0,0,0,0,0,0,0,-0.0001,0.0001,0.0012,0.0065,0.0162,0.0157,-0.0109,-0.1148,-0.4417,-1.0746,-1.783,-2.2539,-2.4527,-2.8028,-2.6444,-2.0392
0.2489,3.471,9.7737,19.1548,19.6357,-2.1413,-26.3138,-18.3723,-18.6216,-77.9292,103.9926,731.0355,1001.4129,653.6337,280.8886,104.277,-11.7365,-105.6224,-139.3999,-153.7269,-170.8523,-168.1548,-126.1114,-54.181,9.9681,45.5772,51.4301,41.0761,21.8923,4.8649,-2.4346,-3.555,-2.5822,-1.4313,-0.6887,-0.3063,-0.1174,-0.0354,-0.0072,0,0.0012,0.0009,0.0005,0.0002,0.0001,0,0,0,0,0,0,0,0,0,0,0,0,0,0,0,0,0,0,0,0,0,0,0,0,0,0,0,0,0,0,0,0,0,0,0,0,0,0,0,0,0,0,0,0,0,0,0,0,0,0,0,0,0,0,0,0,0,0,0,0,0,0,0,0,0,0,0,0,0,0.0002,0.0011,0.0028,0.003,-0.0012,-0.0193,-0.0795,-0.2024,-0.3482,-0.4549,-0.5125,-0.6097,-0.597,-0.4672
0.1215,0.9472,2.6435,5.3066,5.0307,-2.7419,-8.338,-4.4578,-8.551,-31.5611,16.3752,228.258,344.0575,233.0063,104.277,45.7817,1.6998,-36.9753,-55.2566,-68.3164,-77.8592,-74.0954,-54.2736,-21.4801,9.5891,27.7788,30.9646,25.4441,13.6989,2.3864,-2.4553,-2.9635,-2.0379,-1.1013,-0.5332,-0.2442,-0.0957,-0.0291,-0.0056,0.0004,0.0012,0.0009,0.0005,0.0002,0.0001,0,0,0,0,0,0,0,0,0,0,0,0,0,0,0,0,0,0,0,0,0,0,0,0,0,0,0,0,0,0,0,0,0,0,0,0,0,0,0,0,0,0,0,0,0,0,0,0,0,0,0,0,0,0,0,0,0,0,0,0,0,0,0,0,0,0,0,0,0,0,0.0001,0.0004,0.0004,-0.0003,-0.003,-0.0126,-0.0333,-0.0592,-0.0798,-0.0908,-0.1101,-0.1159,-0.085
-0.0288,-0.1146,-0.3642,-0.3208,0.824,4.5809,12.5994,22.855,27.3896,24.0814,3.3305,-25.3314,-36.0898,-25.8097,-11.7365,1.6998,17.4074,29.1078,27.5261,17.8313,21.0006,41.1811,47.6578,35.1293,20.8042,11.0738,5.9901,5.9566,7.9088,7.5479,5.5824,3.7127,2.3522,1.2953,0.577,0.2031,0.0604,0.017,0.0062,0.0032,0.0018,0.001,0.0005,0.0002,0.0001,0,0,0,0,0,0,0,0,0,0,0,0,0,0,0,0,0,0,0,0,0,0,0,0,0,0,0,0,0,0,0,0,0,0,0,0,0,0,0,0,0,0,0,0,0,0,0,0,0,0,0,0,0,0,0,0,0,0,0,0,0,0,0,0,0,0,0,0,0,0,0,0,0,0.0001,0.0003,0.0011,0.0025,0.0044,0.006,0.0084,0.0126,0.0064,0.0066
-0.0228,-0.3619,-1.1219,-2.1412,-1.9491,1.7575,10.1105,17.6001,20.3828,21.6632,-40.6568,-209.3925,-302.6962,-220.6298,-105.6224,-36.9753,29.1078,104.997,138.375,140.4696,161.866,214.4821,223.0064,147.2497,51.0878,-19.2884,-50.2459,-47.2499,-20.6003,5.4474,16.1368,16.2214,12.0956,7.2992,3.6646,1.5828,0.5967,0.1902,0.0491,0.0087,-0.0012,-0.0023,-0.0014,-0.0006,-0.0002,-0.0001,0,0,0,0,0,0,0,0,0,0,0,0,0,0,0,0,0,0,0,0,0,0,0,0,0,0,0,0,0,0,0,0,0,0,0,0,0,0,0,0,0,0,0,0,0,0,0,0,0,0,0,0,0,0,0,0,0,0,0,0,0,0,0,0,0,0,0,0,0,0,0,0,0.0001,0.0008,0.0032,0.0085,0.0162,0.0236,0.0302,0.041,0.0419,0.0449
-0.0168,-0.3038,-0.9325,-2.0005,-2.734,-1.9521,1.2025,2.559,1.7,1.2759,-64.5054,-253.3405,-372.2794,-280.9798,-139.3999,-55.2566,27.5261,138.375,210.5953,241.9646,280.906,354.559,373.6246,250.386,77.2692,-60.7876,-128.009,-128.7842,-77.3679,-16.7177,16.8914,25.8613,21.9865,14.3672,7.7968,3.69,1.5116,0.4998,0.1141,-0.0006,-0.0242,-0.0206,-0.0117,-0.0052,-0.0018,-0.0005,-0.0001,0,0,0,0,0,0,0,0,0,0,0,0,0,0,0,0,0,0,0,0,0,0,0,0,0,0,0,0,0,0,0,0,0,0,0,0,0,0,0,0,0,0,0,0,0,0,0,0,0,0,0,0,0,0,0,0,0,0,0,0,0,0,0,0,0,0,0,0,0,0,0,0.0001,0.0005,0.0021,0.0058,0.0113,0.017,0.0221,0.0299,0.0326,0.0362
-0.0258,-0.2391,-0.7148,-1.6176,-2.4332,-2.2236,-1.815,-3.9494,-5.4426,-2.7957,-56.9158,-248.1193,-390.8332,-303.685,-153.7269,-68.3164,17.8313,140.4696,241.9646,328.6873,405.9297,472.0941,473.4251,308.5252,67.734,-142.6166,-252.9418,-260.1624,-170.7929,-52.3382,19.0381,41.851,37.6075,25.1699,14.1678,7.1003,3.0157,0.9624,0.1467,-0.0877,-0.1176,-0.0879,-0.0487,-0.0216,-0.0076,-0.0021,-0.0004,-0.0001,0,0,0,0,0,0,0,0,0,0,0,0,0,0,0,0,0,0,0,0,0,0,0,0,0,0,0,0,0,0,0,0,0,0,0,0,0,0,0,0,0,0,0,0,0,0,0,0,0,0,0,0,0,0,0,0,0,0,0,0,0,0,0,0,0,0,0,0,0,0,0,0.0002,0.0011,0.0031,0.0064,0.0098,0.0128,0.0169,0.0192,0.0204
-0.0235,-0.1751,-0.5399,-1.2178,-1.5468,-0.0863,1.9709,1.869,3.0639,10.293,-37.6251,-240.8853,-408.7234,-328.5454,-170.8523,-77.8592,21.0006,161.866,280.906,405.9297,551.3584,660.5331,655.0022,422.1089,71.756,-252.5402,-428.7283,-444.5423,-287.0759,-68.0552,63.1355,102.546,89.9244,60.6371,34.4647,17.4501,7.4601,2.3657,0.3274,-0.2657,-0.3402,-0.2565,-0.145,-0.0655,-0.0233,-0.0063,-0.0012,-0.0002,0,0,0,0,0,0,0,0,0,0,0,0,0,0,0,0,0,0,0,0,0,0,0,0,0,0,0,0,0,0,0,0,0,0,0,0,0,0,0,0,0,0,0,0,0,0,0,0,0,0,0,0,0,0,0,0,0,0,0,0,0,0,0,0,0,0,0,0,0,0,0,0.0001,0.0005,0.0015,0.0033,0.0052,0.007,0.0096,0.0112,0.0108
-0.0127,-0.1027,-0.3382,-0.7385,-0.6664,1.3478,5.3471,8.923,13.0603,19.6759,-26.3836,-211.1956,-369.2402,-308.8877,-168.1548,-74.0954,41.1811,214.4821,354.559,472.0941,660.5331,934.6587,1057.5175,763.7685,233.4837,-277.6236,-570.4129,-609.3595,-369.9337,-21.1003,195.2247,258.2317,226.166,157.6273,92.449,47.5892,21.0055,7.3727,1.7352,-0.0998,-0.5297,-0.4711,-0.2849,-0.1358,-0.0519,-0.0155,-0.0027,-0.0002,0.0001,0,0,0,0,0,0,0,0,0,0,0,0,0,0,0,0,0,0,0,0,0,0,0,0,0,0,0,0,0,0,0,0,0,0,0,0,0,0,0,0,0,0,0,0,0,0,0,0,0,0,0,0,0,0,0,0,0,0,0,0,0,0,0,0,0,0,0,0,0,0,0,0.0002,0.0007,0.0014,0.0024,0.0034,0.0051,0.006,0.006
-0.0046,-0.0487,-0.1659,-0.3588,-0.2806,0.8666,3.5767,6.6645,9.9173,11.8444,-23.53,-147.2371,-256.4659,-222.422,-126.1114,-54.2736,47.6578,223.0064,373.6246,473.4251,655.0022,1057.5175,1385.929,1154.5777,520.0854,-167.2895,-615.3353,-729.2126,-455.3797,11.5189,331.6723,437.3975,393.8271,284.5385,173.2793,91.6551,41.7033,15.5243,4.3062,0.4054,-0.702,-0.7558,-0.4853,-0.2453,-0.1023,-0.0325,-0.0044,0.0004,0.0003,0.0001,0,0,0,0,0,0,0,0,0,0,0,0,0,0,0,0,0,0,0,0,0,0,0,0,0,0,0,0,0,0,0,0,0,0,0,0,0,0,0,0,0,0,0,0,0,0,0,0,0,0,0,0,0,0,0,0,0,0,0,0,0,0,0,0,0,0,0,0,0,0,0.0001,0.0002,0.0005,0.0009,0.0014,0.0022,0.0028,0.0035
-0.0018,-0.0174,-0.058,-0.1188,-0.066,0.3965,1.5588,3.3481,5.2887,4.7518,-11.9226,-61.588,-107.5168,-94.8192,-54.181,-21.4801,35.1293,147.2497,250.386,308.5252,422.1089,763.7685,1154.5777,1137.3854,725.8523,151.9489,-305.2871,-476.8318,-279.9751,118.6679,403.7107,493.7989,440.723,318.9249,193.4249,99.2119,42.8974,15.0657,3.7791,0.128,-0.8122,-0.7482,-0.4213,-0.1985,-0.0891,-0.0312,-0.0006,0.0026,0.0008,0.0002,0,0,0,0,0,0,0,0,0,0,0,0,0,0,0,0,0,0,0,0,0,0,0,0,0,0,0,0,0,0,0,0,0,0,0,0,0,0,0,0,0,0,0,0,0,0,0,0,0,0,0,0,0,0,0,0,0,0,0,0,0,0,0,0,0,0,0,0,0,0,0,0.0001,0.0001,0.0003,0.0004,0.0007,0.0009,0.0014
-0.0008,-0.0031,-0.0081,-0.0019,0.0622,0.2773,0.7947,2.0339,3.4096,2.633,0.9254,5.2463,10.8535,12.5535,9.9681,9.5891,20.8042,51.0878,77.2692,67.734,71.756,233.4837,520.0854,725.8523,802.0239,723.6425,537.289,438.328,449.226,455.5721,423.5485,358.3095,274.6779,173.9237,80.2778,16.2872,-8.5466,-9.712,-4.9632,-1.0293,0.8864,1.5481,1.3942,0.8814,0.3832,0.1057,0.0312,0.0107,0.0022,0.0002,-0.0001,0,0,0,0,0,0,0,0,0,0,0,0,0,0,0,0,0,0,0,0,0,0,0,0,0,0,0,0,0,0,0,0,0,0,0,0,0,0,0,0,0,0,0,0,0,0,0,0,0,0,0,0,0,0,0,0,0,0,0,0,0,0,0,0,0,0,0,0,0,0,0,0,0,0,0.0001,0.0001,0.0002
-0.0004,0.0012,0.0069,0.0322,0.1024,0.2601,0.5997,1.6245,2.8935,2.7335,8.5445,38.4495,71.5944,70.0632,45.5772,27.7788,11.0738,-19.2884,-60.7876,-142.6166,-252.5402,-277.6236,-167.2895,151.9489,723.6425,1373.8045,1768.6645,1974.6837,1832.5036,1235.8293,613.7889,196.8384,-2.651,-98.3858,-151.5182,-165.8013,-126.59,-66.4518,-21.9165,1.8987,11.255,12.519,9.5668,5.7264,2.6122,0.8365,0.2235,0.0634,0.0136,0.0017,-0.0003,-0.0001,0,0,0,0,0,0,0,0,0,0,0,0,0,0,0,0,0,0,0,0,0,0,0,0,0,0,0,0,0,0,0,0,0,0,0,0,0,0,0,0,0,0,0,0,0,0,0,0,0,0,0,0,0,0,0,0,0,0,0,0,0,0,0,0,0,0,0,0,0,0,0,0,-0.0001,-0.0001,-0.0002,-0.0002
-0.0003,0.0013,0.0068,0.0278,0.0864,0.2291,0.5361,1.405,2.6621,3.1877,10.1545,41.5567,77.9279,77.7364,51.4301,30.9646,5.9901,-50.2459,-128.009,-252.9418,-428.7283,-570.4129,-615.3353,-305.2871,537.289,1768.6645,2858.6273,3595.272,3536.8203,2495.0737,1229.1511,299.5323,-152.9224,-329.5907,-404.2779,-407.7201,-305.526,-159.5598,-49.0571,12.6505,38.1958,41.109,31.5596,19.259,9.1461,3.1897,0.9462,0.2874,0.0691,0.0106,0,-0.0004,-0.0002,0,0,0,0,0,0,0,0,0,0,0,0,0,0,0,0,0,0,0,0,0,0,0,0,0,0,0,0,0,0,0,0,0,0,0,0,0,0,0,0,0,0,0,0,0,0,0,0,0,0,0,0,0,0,0,0,0,0,0,0,0,0,0,0,0,0,0,0,0,0,0,0,-0.0001,-0.0001,-0.0002
-0.0002,0.0005,0.0029,0.0143,0.0541,0.1758,0.4482,1.1703,2.3562,3.2544,8.649,31.3861,58.5315,60.1194,41.0761,25.4441,5.9566,-47.2499,-128.7842,-260.1624,-444.5423,-609.3595,-729.2126,-476.8318,438.328,1974.6837,3595.272,5002.2637,5490.9577,4471.5429,2677.029,1079.4393,166.5558,-270.9048,-531.8419,-657.215,-550.3887,-309.9529,-101.3429,28.2992,88.367,98.5378,78.6515,50.1462,25.0361,9.3018,3.0046,0.9733,0.2549,0.0444,0.0024,-0.0011,-0.0006,-0.0002,0,0.0001,0.0001,0.0001,0.0001,0,0,0,0,0,0,0,0,0,0,0,0,0,0,0,0,0,0,0,0,0,0,0,0,0,0,0,0,0,0,0,0,0,0,0,0,0,0,0,0,0,0,0,0,0,0,0,0,0,0,0,0,0,0,0,0,0,0,0,0,0,0,0,0,0,0,0,-0.0001,-0.0001
-0.0002,-0.0003,-0.0006,0.0023,0.0266,0.1342,0.3748,0.9867,2.1642,3.3872,6.8498,18.0008,29.5974,30.8456,21.8923,13.6989,7.9088,-20.6003,-77.3679,-170.7929,-287.0759,-369.9337,-455.3797,-279.9751,449.226,1832.5036,3536.8203,5490.9577,7497.7065,8142.711,6711.3561,4418.4593,2565.2014,1258.0579,211.5703,-538.7768,-753.7221,-539.9844,-233.0747,8.6031,145.1962,184.9594,160.7317,111.5159,61.0882,25.1819,9.0749,3.1364,0.8951,0.1797,0.0189,-0.0009,-0.0013,-0.0004,0,0.0004,0.0004,0.0003,0.0002,0.0001,0,0,0,0,0,0,0,0,0,0,0,0,0,0,0,0,0,0,0,0,0,0,0,0,0,0,0,0,0,0,0,0,0,0,0,0,0,0,0,0,0,0,0,0,0,0,0,0,0,0,0,0,0,0,0,0,0,0,0,0,0,0,0,0,0,0,0,0
-0.0001,-0.0004,-0.0014,-0.002,0.0121,0.0944,0.2784,0.7169,1.666,2.8981,4.8525,7.0541,6.4037,6.3389,4.8649,2.3864,7.5479,5.4474,-16.7177,-52.3382,-68.0552,-21.1003,11.5189,118.6679,455.5721,1235.8293,2495.0737,4471.5429,8142.711,12000.9518,12708.3249,10662.2053,7876.0203,5155.6362,2639.3186,616.9941,-488.6817,-659.9977,-402.9058,-63.7297,178.8713,272.8749,263.2117,201.8134,123.3961,58.6165,24.7267,9.3101,2.8386,0.6303,0.0913,0.0082,-0.0004,0,0.0004,0.0012,0.0012,0.0007,0.0004,0.0002,0.0001,0,0,0,0,0,0,0,0,0,0,0,0,0,0,0,0,0,0,0,0,0,0,0,0,0,0,0,0,0,0,0,0,0,0,0,0,0,0,0,0,0,0,0,0,0,0,0,0,0,0,0,0,0,0,0,0,0,0,0,0,0,0,0,0,0,0,0
-0.0001,-0.0002,-0.0008,-0.0016,0.0054,0.0515,0.1564,0.3943,0.9422,1.7728,2.7241,1.5498,-2.7439,-3.4943,-2.4346,-2.4553,5.5824,16.1368,16.8914,19.0381,63.1355,195.2247,331.6723,403.7107,423.5485,613.7889,1229.1511,2677.029,6711.3561,12708.3249,16123.6526,15804.7071,13265.9116,9700.2118,5951.8855,2695.0635,496.9094,-362.0803,-395.1754,-85.2994,211.4589,344.4417,357.8435,296.6033,197.457,106.2186,52.4115,21.6798,6.9734,1.6389,0.2696,0.0379,0.0077,0.0042,0.0027,0.0034,0.0027,0.0012,0.0004,0.0001,0,0,0,0,0,0,0,0,0,0,0,0,0,0,0,0,0,0,0,0,0,0,0,0,0,0,0,0,0,0,0,0,0,0,0,0,0,0,0,0,0,0,0,0,0,0,0,0,0,0,0,0,0,0,0,0,0,0,0,0,0,0,0,0,0,0,0,0
0,-0.0001,-0.0003,-0.0007,0.0021,0.0225,0.0706,0.1766,0.4286,0.8625,1.2676,-0.2193,-3.8652,-4.6913,-3.555,-2.9635,3.7127,16.2214,25.8613,41.851,102.546,258.2317,437.3975,493.7989,358.3095,196.8384,299.5323,1079.4393,4418.4593,10662.2053,15804.7071,17681.8146,16533.1424,13212.4336,9041.5402,5066.9606,1988.1842,376.6271,-118.8581,6.8551,259.1627,389.0078,421.5572,369.6291,261.6975,156.5558,89.8095,41.0415,13.9656,3.4005,0.5848,0.0982,0.034,0.0204,0.0099,0.0078,0.0048,0.0009,-0.0006,-0.0009,-0.0005,-0.0002,-0.0001,0,0,0,0,0,0,0,0,0,0,0,0,0,0,0,0,0,0,0,0,0,0,0,0,0,0,0,0,0,0,0,0,0,0,0,0,0,0,0,0,0,0,0,0,0,0,0,0,0,0,0,0,0,0,0,0,0,0,0,0,0,0,0,0,0
0,0,-0.0001,-0.0003,0.0007,0.0083,0.0273,0.0691,0.1695,0.3617,0.5138,-0.4523,-2.6269,-3.2518,-2.5822,-2.0379,2.3522,12.0956,21.9865,37.6075,89.9244,226.166,393.8271,440.723,274.6779,-2.651,-152.9224,166.5558,2565.2014,7876.0203,13265.9116,16533.1424,17015.7022,14809.4636,11082.2643,7035.2402,3530.3532,1353.2557,385.058,231.5053,348.0762,423.4844,452.7959,407.095,300.461,197.6851,130.7634,65.9564,23.9068,5.9961,1.0321,0.1944,0.0962,0.062,0.0254,0.014,0.0059,-0.0022,-0.0046,-0.0043,-0.0024,-0.0009,-0.0003,-0.0001,0,0,0,0,0,0,0,0,0,0,0,0,0,0,0,0,0,0,0,0,0,0,0,0,0,0,0,0,0,0,0,0,0,0,0,0,0,0,0,0,0,0,0,0,0,0,0,0,0,0,0,0,0,0,0,0,0,0,0,0,0,0,0,0
0,0,0,-0.0001,0.0002,0.0026,0.0091,0.0234,0.0583,0.1312,0.1806,-0.2938,-1.3435,-1.7206,-1.4313,-1.1013,1.2953,7.2992,14.3672,25.1699,60.6371,157.6273,284.5385,318.9249,173.9237,-98.3858,-329.5907,-270.9048,1258.0579,5155.6362,9700.2118,13212.4336,14809.4636,14048.5374,11484.8311,8081.8829,4747.7937,2352.5875,1033.3839,570.5183,477.4442,440.0503,427.1256,377.6548,288.6285,212.9816,163.0606,90.5939,35.2582,9.1971,1.5765,0.3292,0.2121,0.1412,0.0495,0.0175,0.001,-0.0127,-0.0153,-0.0131,-0.0074,-0.0029,-0.0009,-0.0002,-0.0001,0,0,0,0,0,0,0,0,0,0,0,0,0,0,0,0,0,0,0,0,0,0,0,0,0,0,0,0,0,0,0,0,0,0,0,0,0,0,0,0,0,0,0,0,0,0,0,0,0,0,0,0,0,0,0,0,0,0,0,0,0,0,0
0,0,0,0,0,0.0007,0.0026,0.0068,0.0171,0.0411,0.0536,-0.1495,-0.595,-0.789,-0.6887,-0.5332,0.577,3.6646,7.7968,14.1678,34.4647,92.449,173.2793,193.4249,80.2778,-151.5182,-404.2779,-531.8419,211.5703,2639.3186,5951.8855,9041.5402,11082.2643,11484.8311,10365.1883,8206.001,5615.3218,3355.0152,1824.2069,1031.2653,637.6641,397.2124,277.8113,204.8153,163.9503,167.3457,167.1305,104.6951,44.2951,12.3489,2.1904,0.532,0.4142,0.2774,0.0874,0.0113,-0.0225,-0.0423,-0.0425,-0.0349,-0.02,-0.0078,-0.0024,-0.0006,-0.0001,0,0,0,0,0,0,0,0,0,0,0,0,0,0,0,0,0,0,0,0,0,0,0,0,0,0,0,0,0,0,0,0,0,0,0,0,0,0,0,0,0,0,0,0,0,0,0,0,0,0,0,0,0,0,0,0,0,0,0,0,0,0,0
0,0,0,0,0,0.0002,0.0006,0.0016,0.004,0.0108,0.0118,-0.07,-0.2448,-0.3346,-0.3063,-0.2442,0.2031,1.5828,3.69,7.1003,17.4501,47.5892,91.6551,99.2119,16.2872,-165.8013,-407.7201,-657.215,-538.7768,616.9941,2695.0635,5066.9606,7035.2402,8081.8829,8206.001,7514.8219,6058.0212,4253.0452,2678.3779,1575.7227,803.0006,252.909,-63.0756,-197.9861,-154.5687,7.4292,112.6979,92.0161,44.1837,13.8706,2.7469,0.8461,0.7403,0.4919,0.1483,-0.0233,-0.0955,-0.1193,-0.1094,-0.088,-0.0516,-0.0202,-0.0058,-0.0014,-0.0003,-0.0001,0,0,0,0,0,0,0,0,0,0,0,0,0,0,0,0,0,0,0,0,0,0,0,0,0,0,0,0,0,0,0,0,0,0,0,0,0,0,0,0,0,0,0,0,0,0,0,0,0,0,0,0,0,0,0,0,0,0,0,0,0,0
0,0,0,0,0,0,0.0001,0.0003,0.0006,0.0021,0.001,-0.0279,-0.087,-0.1221,-0.1174,-0.0957,0.0604,0.5967,1.5116,3.0157,7.4601,21.0055,41.7033,42.8974,-8.5466,-126.59,-305.526,-550.3887,-753.7221,-488.6817,496.9094,1988.1842,3530.3532,4747.7937,5615.3218,6058.0212,5739.3763,4643.5645,3305.6418,2091.2737,1033.3628,184.7823,-383.5649,-654.4311,-568.4038,-242.4991,-5.642,45.4595,30.63,12.0767,2.8189,1.1838,1.188,0.7936,0.2311,-0.1132,-0.2536,-0.2706,-0.2366,-0.1888,-0.1134,-0.0445,-0.0123,-0.0027,-0.0006,-0.0001,0,0,0,0,0,0,0,0,0,0,0,0,0,0,0,0,0,0,0,0,0,0,0,0,0,0,0,0,0,0,0,0,0,0,0,0,0,0,0,0,0,0,0,0,0,0,0,0,0,0,0,0,0,0,0,0,0,0,0,0,0,0
0,0,0,0,0,0,0,0,0,0.0003,-0.0004,-0.0085,-0.0242,-0.0349,-0.0354,-0.0291,0.017,0.1902,0.4998,0.9624,2.3657,7.3727,15.5243,15.0657,-9.712,-66.4518,-159.5598,-309.9529,-539.9844,-659.9977,-362.0803,376.6271,1353.2557,2352.5875,3355.0152,4253.0452,4643.5645,4253.1595,3397.5739,2398.7952,1362.794,426.5989,-317.7,-769.6193,-768.1593,-410.0486,-105.7978,1.067,15.7923,9.6434,2.7064,1.4587,1.6679,1.1426,0.3342,-0.2368,-0.4592,-0.456,-0.3905,-0.3134,-0.1935,-0.0765,-0.0203,-0.0041,-0.0009,-0.0002,0,0,0,0,0,0,0,0,0,0,0,0,0,0,0,0,0,0,0,0,0,0,0,0,0,0,0,0,0,0,0,0,0,0,0,0,0,0,0,0,0,0,0,0,0,0,0,0,0,0,0,0,0,0,0,0,0,0,0,0,0,0
0,0,0,0,0,0,0,0,0,0,-0.0002,-0.0018,-0.0044,-0.0065,-0.0072,-0.0056,0.0062,0.0491,0.1141,0.1467,0.3274,1.7352,4.3062,3.7791,-4.9632,-21.9165,-49.0571,-101.3429,-233.0747,-402.9058,-395.1754,-118.8581,385.058,1033.3839,1824.2069,2678.3779,3305.6418,3397.5739,3071.0468,2510.0145,1786.2529,1018.6563,256.5951,-351.9501,-557.3131,-354.1335,-102.7794,3.53,18.4536,12.0689,3.2106,1.5955,2.0432,1.4712,0.4609,-0.3189,-0.5686,-0.52,-0.4345,-0.3541,-0.2262,-0.0883,-0.0211,-0.0031,-0.0007,-0.0003,-0.0001,0,0,0,0,0,0,0,0,0,0,0,0,0,0,0,0,0,0,0,0,0,0,0,0,0,0,0,0,0,0,0,0,0,0,0,0,0,0,0,0,0,0,0,0,0,0,0,0,0,0,0,0,0,0,0,0,0,0,0,0,0
0,0,0,0,0,0,0,0,0,0,0,0,0.0002,0.0003,0,0.0004,0.0032,0.0087,-0.0006,-0.0877,-0.2657,-0.0998,0.4054,0.128,-1.0293,1.8987,12.6505,28.2992,8.6031,-63.7297,-85.2994,6.8551,231.5053,570.5183,1031.2653,1575.7227,2091.2737,2398.7952,2510.0145,2490.2229,2312.0831,1966.9772,1393.4819,716.9383,221.1171,79.0409,127.6752,129.3327,73.123,30.5696,6.8563,1.8873,2.2379,1.7429,0.6861,-0.1157,-0.1862,-0.062,-0.0188,-0.0284,-0.0277,0.0006,0.0102,0.0061,0.0008,-0.0008,-0.0007,-0.0004,-0.0001,0,0,0,0,0,0,0,0,0,0,0,0,0,0,0,0,0,0,0,0,0,0,0,0,0,0,0,0,0,0,0,0,0,0,0,0,0,0,0,0,0,0,0,0,0,0,0,0,0,0,0,0,0,0,0,0,0,0,0
0,0,0,0,0,0,0,0,0,0,0.0001,0.0002,0.0007,0.0012,0.0012,0.0012,0.0018,-0.0012,-0.0242,-0.1176,-0.3402,-0.5297,-0.702,-0.8122,0.8864,11.255,38.1958,88.367,145.1962,178.8713,211.4589,259.1627,348.0762,477.4442,637.6641,803.0006,1033.3628,1362.794,1786.2529,2312.0831,2840.0648,3175.0428,3054.6986,2474.9795,1670.0845,1011.6748,688.0975,448.6264,215.6434,78.3353,17.1644,2.7602,1.9499,1.6692,1.0224,0.87,1.6254,1.9407,1.8039,1.4689,0.9548,0.4423,0.1507,0.0409,0.0057,-0.003,-0.0041,-0.0026,-0.001,-0.0003,-0.0001,0,0,0,0,0,0,0,0,0,0,0,0,0,0,0,0,0,0,0,0,0,0,0,0,0,0,0,0,0,0,0,0,0,0,0,0,0,0,0,0,0,0,0,0,0,0,0,0,0,0,0,0,0,0,0,0,0
0,0,0,0,0,0,0,0,0,0,0,0.0002,0.0005,0.0008,0.0009,0.0009,0.001,-0.0023,-0.0206,-0.0879,-0.2565,-0.4711,-0.7558,-0.7482,1.5481,12.519,41.109,98.5378,184.9594,272.8749,344.4417,389.0078,423.4844,440.0503,397.2124,252.909,184.7823,426.5989,1018.6563,1966.9772,3175.0428,4334.9716,4924.5538,4658.6397,3597.6726,2307.0429,1494.9107,932.5285,443.6909,156.446,33.8823,3.662,0.4514,0.7635,1.4154,3.3711,6.4988,7.517,7.1296,6.0829,4.1497,1.9286,0.624,0.1548,0.022,-0.0102,-0.016,-0.0111,-0.0045,-0.0012,-0.0003,-0.0001,0,0,0,0,0,0,0,0,0,0,0,0,0,0,0,0,0,0,0,0,0,0,0,0,0,0,0,0,0,0,0,0,0,0,0,0,0,0,0,0,0,0,0,0,0,0,0,0,0,0,0,0,0,0,0,0
0,0,0,0,0,0,0,0,0,0,0,0.0001,0.0002,0.0004,0.0005,0.0005,0.0005,-0.0014,-0.0117,-0.0487,-0.145,-0.2849,-0.4853,-0.4213,1.3942,9.5668,31.5596,78.6515,160.7317,263.2117,357.8435,421.5572,452.7959,427.1256,277.8113,-63.0756,-383.5649,-317.7,256.5951,1393.4819,3054.6986,4924.5538,6335.5372,6654.2169,5583.2211,3760.7107,2460.1833,1539.3586,744.6058,263.7327,57.8673,4.6752,-3.0049,-1.5727,1.8516,8.4966,16.6452,19.2977,18.7468,16.5546,11.7294,5.5678,1.7895,0.428,0.0584,-0.0316,-0.0506,-0.0371,-0.0157,-0.0046,-0.0012,-0.0004,-0.0001,-0.0001,0,0,0,0,0,0,0,0,0,0,0,0,0,0,0,0,0,0,0,0,0,0,0,0,0,0,0,0,0,0,0,0,0,0,0,0,0,0,0,0,0,0,0,0,0,0,0,0,0,0,0,0,0,0
0,0,0,0,0,0,0,0,0,0,0,0,0.0001,0.0002,0.0002,0.0002,0.0002,-0.0006,-0.0052,-0.0216,-0.0655,-0.1358,-0.2453,-0.1985,0.8814,5.7264,19.259,50.1462,111.5159,201.8134,296.6033,369.6291,407.095,377.6548,204.8153,-197.9861,-654.4311,-769.6193,-351.9501,716.9383,2474.9795,4658.6397,6654.2169,7689.2425,7022.5101,5037.7417,3376.8668,2125.6895,1052.1226,383.6582,88.5522,6.0835,-9.2165,-6.3279,1.418,16.0789,32.8499,38.4615,38.1687,34.7198,25.4679,12.3364,3.9436,0.9116,0.1121,-0.084,-0.1308,-0.0997,-0.0442,-0.0133,-0.0035,-0.0011,-0.0004,-0.0002,-0.0001,0,0,0,0,0,0,0,0,0,0,0,0,0,0,0,0,0,0,0,0,0,0,0,0,0,0,0,0,0,0,0,0,0,0,0,0,0,0,0,0,0,0,0,0,0,0,0,0,0,0,0,0,0
0,0,0,0,0,0,0,0,0,0,0,0,0,0,0.0001,0.0001,0.0001,-0.0002,-0.0018,-0.0076,-0.0233,-0.0519,-0.1023,-0.0891,0.3832,2.6122,9.1461,25.0361,61.0882,123.3961,197.457,261.6975,300.461,288.6285,163.9503,-154.5687,-568.4038,-768.1593,-557.3131,221.1171,1670.0845,3597.6726,5583.2211,7022.5101,7060.3387,5585.788,3934.2442,2491.4762,1261.3814,490.3808,132.0686,16.0438,-12.214,-11.3389,-0.3932,22.8649,49.5135,58.4188,58.4674,54.1993,40.967,20.1,6.3165,1.3676,0.1119,-0.1858,-0.2632,-0.2054,-0.095,-0.03,-0.0083,-0.0027,-0.001,-0.0004,-0.0002,0,0,0,0,0,0,0,0,0,0,0,0,0,0,0,0,0,0,0,0,0,0,0,0,0,0,0,0,0,0,0,0,0,0,0,0,0,0,0,0,0,0,0,0,0,0,0,0,0,0,0,0,0
0,0,0,0,0,0,0,0,0,0,0,0,0,0,0,0,0,-0.0001,-0.0005,-0.0021,-0.0063,-0.0155,-0.0325,-0.0312,0.1057,0.8365,3.1897,9.3018,25.1819,58.6165,106.2186,156.5558,197.6851,212.9816,167.3457,7.4292,-242.4991,-410.0486,-354.1335,79.0409,1011.6748,2307.0429,3760.7107,5037.7417,5585.788,5145.6734,4091.1509,2696.2811,1392.4798,583.3124,193.1218,41.713,-4.044,-10.7453,0.8511,28.0083,59.0301,66.97,64.4666,58.4318,44.7275,21.8565,6.5227,1.0783,-0.1845,-0.4013,-0.4462,-0.3402,-0.1617,-0.0541,-0.0159,-0.0054,-0.002,-0.0009,-0.0003,-0.0001,0,0,0,0,0,0,0,0,0,0,0,0,0,0,0,0,0,0,0,0,0,0,0,0,0,0,0,0,0,0,0,0,0,0,0,0,0,0,0,0,0,0,0,0,0,0,0,0,0,0,0,0
0,0,0,0,0,0,0,0,0,0,0,0,0,0,0,0,0,0,-0.0001,-0.0004,-0.0012,-0.0027,-0.0044,-0.0006,0.0312,0.2235,0.9462,3.0046,9.0749,24.7267,52.4115,89.8095,130.7634,163.0606,167.1305,112.6979,-5.642,-105.7978,-102.7794,127.6752,688.0975,1494.9107,2460.1833,3376.8668,3934.2442,4091.1509,3789.7751,2736.6794,1464.1332,624.1012,219.4692,54.8552,4.6621,-2.9862,8.6549,33.9724,63.9378,66.3853,58.2977,48.2629,36.1794,17.1072,4.2707,-0.1874,-0.944,-0.8551,-0.7848,-0.5776,-0.2764,-0.0951,-0.0291,-0.0102,-0.0036,-0.0016,-0.0005,-0.0001,0,0,0,0,0,0,0,0,0,0,0,0,0,0,0,0,0,0,0,0,0,0,0,0,0,0,0,0,0,0,0,0,0,0,0,0,0,0,0,0,0,0,0,0,0,0,0,0,0,0,0,0
0,0,0,0,0,0,0,0,0,0,0,0,0,0,0,0,0,0,0,-0.0001,-0.0002,-0.0002,0.0004,0.0026,0.0107,0.0634,0.2874,0.9733,3.1364,9.3101,21.6798,41.0415,65.9564,90.5939,104.6951,92.0161,45.4595,1.067,3.53,129.3327,448.6264,932.5285,1539.3586,2125.6895,2491.4762,2696.2811,2736.6794,2167.6556,1230.9625,522.0903,176.5116,43.1727,7.418,4.2942,12.5111,32.2489,59.4475,59.8471,50.531,38.8837,28.9769,13.6065,2.607,-1.2871,-1.6957,-1.378,-1.2572,-0.9503,-0.4651,-0.1615,-0.0502,-0.0181,-0.0061,-0.0026,-0.0007,0,0.0001,0,0,0,0,0,0,0,0,0,0,0,0,0,0,0,0,0,0,0,0,0,0,0,0,0,0,0,0,0,0,0,0,0,0,0,0,0,0,0,0,0,0,0,0,0,0,0,0,0,0,0
0,0,0,0,0,0,0,0,0,0,0,0,0,0,0,0,0,0,0,0,0,0.0001,0.0003,0.0008,0.0022,0.0136,0.0691,0.2549,0.8951,2.8386,6.9734,13.9656,23.9068,35.2582,44.2951,44.1837,30.63,15.7923,18.4536,73.123,215.6434,443.6909,744.6058,1052.1226,1261.3814,1392.4798,1464.1332,1230.9625,757.3111,336.3204,111.9281,28.1103,8.3114,6.7958,7.9385,18.547,38.9807,39.9165,32.7153,22.6033,16.6922,7.3367,-0.0345,-2.3737,-2.1519,-1.6168,-1.4835,-1.1664,-0.5923,-0.2117,-0.0682,-0.025,-0.0083,-0.0035,-0.0009,0.0001,0.0002,0.0001,0,0,0,0,0,0,0,0,0,0,0,0,0,0,0,0,0,0,0,0,0,0,0,0,0,0,0,0,0,0,0,0,0,0,0,0,0,0,0,0,0,0,0,0,0,0,0,0,0,0
0,0,0,0,0,0,0,0,0,0,0,0,0,0,0,0,0,0,0,0,0,0,0.0001,0.0002,0.0002,0.0017,0.0106,0.0444,0.1797,0.6303,1.6389,3.4005,5.9961,9.1971,12.3489,13.8706,12.0767,9.6434,12.0689,30.5696,78.3353,156.446,263.7327,383.6582,490.3808,583.3124,624.1012,522.0903,336.3204,175.5596,72.7121,24.4121,8.5586,4.215,3.4295,7.8629,19.4305,20.1794,13.9474,5.906,2.641,-0.4393,-2.4438,-2.5751,-1.9474,-1.3687,-1.1386,-0.8669,-0.4601,-0.1844,-0.0654,-0.025,-0.0088,-0.004,-0.0012,0.0001,0.0002,0.0001,0,0,0,0,0,0,0,0,0,0,0,0,0,0,0,0,0,0,0,0,0,0,0,0,0,0,0,0,0,0,0,0,0,0,0,0,0,0,0,0,0,0,0,0,0,0,0,0,0,0
0,0,0,0,0,0,0,0,0,0,0,0,0,0,0,0,0,0,0,0,0,0,0,0,-0.0001,-0.0003,0,0.0024,0.0189,0.0913,0.2696,0.5848,1.0321,1.5765,2.1904,2.7469,2.8189,2.7064,3.2106,6.8563,17.1644,33.8823,57.8673,88.5522,132.0686,193.1218,219.4692,176.5116,111.9281,72.7121,45.8024,22.265,6.7259,-0.4487,0.9659,3.7784,8.0695,6.6534,-0.1893,-7.1267,-8.8888,-7.1958,-4.4224,-2.6321,-1.5503,-0.8068,-0.3974,-0.2104,-0.1333,-0.084,-0.0361,-0.015,-0.0066,-0.0033,-0.0011,-0.0003,0,0,0,0,0,0,0,0,0,0,0,0,0,0,0,0,0,0,0,0,0,0,0,0,0,0,0,0,0,0,0,0,0,0,0,0,0,0,0,0,0,0,0,0,0,0,0,0,0,0,0,0
0,0,0,0,0,0,0,0,0,0,0,0,0,0,0,0,0,0,0,0,0,0,0,0,0,-0.0001,-0.0004,-0.0011,-0.0009,0.0082,0.0379,0.0982,0.1944,0.3292,0.532,0.8461,1.1838,1.4587,1.5955,1.8873,2.7602,3.662,4.6752,6.0835,16.0438,41.713,54.8552,43.1727,28.1103,24.4121,22.265,15.5625,7.084,1.0676,1.3903,1.7333,0.3398,-3.5082,-10.5935,-17.2698,-18.3136,-13.237,-6.8998,-3.2479,-1.4333,-0.4121,0.1088,0.2111,0.0743,-0.0165,-0.0138,-0.0052,-0.0017,-0.0001,0.0004,0.0003,0.0003,0.0002,0.0001,0,0,0,0,0,0,0,0,0,0,0,0,0,0,0,0,0,0,0,0,0,0,0,0,0,0,0,0,0,0,0,0,0,0,0,0,0,0,0,0,0,0,0,0,0,0,0,0,0
0,0,0,0,0,0,0,0,0,0,0,0,0,0,0,0,0,0,0,0,0,0,0,0,0,0,-0.0002,-0.0006,-0.0013,-0.0004,0.0077,0.034,0.0962,0.2121,0.4142,0.7403,1.188,1.6679,2.0432,2.2379,1.9499,0.4514,-3.0049,-9.2165,-12.214,-4.044,4.6621,7.418,8.3114,8.5586,6.7259,7.084,9.6286,8.0856,4.322,-0.0528,-8.0454,-16.3519,-25.9117,-35.8219,-37.46,-25.8848,-11.8722,-4.2182,-1.5115,-0.3746,0.1515,0.2875,0.1741,0.0406,-0.0006,0.0012,0.009,0.0085,0.006,0.0041,0.0026,0.0013,0.0005,0.0002,0.0001,0,0,0,0,0,0,0,0,0,0,0,0,0,0,0,0,0,0,0,0,0,0,0,0,0,0,0,0,0,0,0,0,0,0,0,0,0,0,0,0,0,0,0,0,0,0,0
0,0,0,0,0,0,0,0,0,0,0,0,0,0,0,0,0,0,0,0,0,0,0,0,0,0,0,-0.0002,-0.0004,0,0.0042,0.0204,0.062,0.1412,0.2774,0.4919,0.7936,1.1426,1.4712,1.7429,1.6692,0.7635,-1.5727,-6.3279,-11.3389,-10.7453,-2.9862,4.2942,6.7958,4.215,-0.4487,1.0676,8.0856,12.1979,7.821,1.2045,-9.4906,-21.7272,-33.9519,-47.1545,-50.7179,-35.5319,-16.4511,-5.5055,-1.9282,-0.7761,-0.3725,-0.1903,-0.0262,0.0041,-0.0208,-0.005,0.0234,0.0241,0.0178,0.0134,0.0085,0.0041,0.0015,0.0005,0.0002,0.0001,0,0,0,0,0,0,0,0,0,0,0,0,0,0,0,0,0,0,0,0,0,0,0,0,0,0,0,0,0,0,0,0,0,0,0,0,0,0,0,0,0,0,0,0,0,0
0,0,0,0,0,0,0,0,0,0,0,0,0,0,0,0,0,0,0,0,0,0,0,0,0,0,0,0,0,0.0004,0.0027,0.0099,0.0254,0.0495,0.0874,0.1483,0.2311,0.3342,0.4609,0.6861,1.0224,1.4154,1.8516,1.418,-0.3932,0.8511,8.6549,12.5111,7.9385,3.4295,0.9659,1.3903,4.322,7.821,11.3589,14.5845,11.3183,3.1597,-4.1438,-9.5706,-13.1944,-8.9799,-2.3201,-0.0436,-0.4124,-1.0713,-1.7225,-1.7774,-0.9697,-0.3382,-0.1495,-0.08,-0.0027,0.018,0.0175,0.0179,0.0132,0.007,0.0028,0.001,0.0003,0.0001,0,0,0,0,0,0,0,0,0,0,0,0,0,0,0,0,0,0,0,0,0,0,0,0,0,0,0,0,0,0,0,0,0,0,0,0,0,0,0,0,0,0,0,0,0,0
0,0,0,0,0,0,0,0,0,0,0,0,0,0,0,0,0,0,0,0,0,0,0,0,0,0,0,0.0001,0.0004,0.0012,0.0034,0.0078,0.014,0.0175,0.0113,-0.0233,-0.1132,-0.2368,-0.3189,-0.1157,0.87,3.3711,8.4966,16.0789,22.8649,28.0083,33.9724,32.2489,18.547,7.8629,3.7784,1.7333,-0.0528,1.2045,14.5845,41.072,63.8891,79.135,101.1491,137.6957,151.3955,111.5674,58.2383,22.2173,6.0677,-2.0214,-8.3308,-10.786,-7.2732,-3.0393,-1.171,-0.6262,-0.287,-0.1481,-0.0801,-0.0252,-0.0057,-0.0017,-0.0012,-0.0008,-0.0002,0,0,0,0,0,0,0,0,0,0,0,0,0,0,0,0,0,0,0,0,0,0,0,0,0,0,0,0,0,0,0,0,0,0,0,0,0,0,0,0,0,0,0,0,0,0,0
0,0,0,0,0,0,0,0,0,0,0,0,0,0,0,0,0,0,0,0,0,0,0,0,0,0,0,0.0001,0.0004,0.0012,0.0027,0.0048,0.0059,0.001,-0.0225,-0.0955,-0.2536,-0.4592,-0.5686,-0.1862,1.6254,6.4988,16.6452,32.8499,49.5135,59.0301,63.9378,59.4475,38.9807,19.4305,8.0695,0.3398,-8.0454,-9.4906,11.3183,63.8891,140.549,222.1628,330.0744,484.9526,567.3305,438.5266,233.4414,92.2711,27.4842,-5.8305,-30.6387,-41.1297,-29.4742,-13.4232,-5.3662,-2.9726,-1.7874,-1.2181,-0.7656,-0.3903,-0.202,-0.1019,-0.0478,-0.0206,-0.0072,-0.0021,-0.0007,-0.0003,-0.0001,0,0,0,0,0,0,0,0,0,0,0,0,0,0,0,0,0,0,0,0,0,0,0,0,0,0,0,0,0,0,0,0,0,0,0,0,0,0,0,0,0,0,0
0,0,0,0,0,0,0,0,0,0,0,0,0,0,0,0,0,0,0,0,0,0,0,0,0,0,0,0.0001,0.0003,0.0007,0.0012,0.0009,-0.0022,-0.0127,-0.0423,-0.1193,-0.2706,-0.456,-0.52,-0.062,1.9407,7.517,19.2977,38.4615,58.4188,66.97,66.3853,59.8471,39.9165,20.1794,6.6534,-3.5082,-16.3519,-21.7272,3.1597,79.135,222.1628,417.6047,694.5614,1092.8518,1343.1669,1095.6767,623.1139,272.6354,96.0125,-2.0244,-73.0945,-105.1587,-78.9317,-37.9335,-15.7586,-9.2387,-6.4129,-4.9108,-3.3639,-1.9302,-1.0946,-0.5743,-0.2711,-0.1184,-0.0444,-0.0141,-0.0045,-0.0016,-0.0006,-0.0002,-0.0001,0,0,0,0,0,0,0,0,0,0,0,0,0,0,0,0,0,0,0,0,0,0,0,0,0,0,0,0,0,0,0,0,0,0,0,0,0,0,0,0,0
0,0,0,0,0,0,0,0,0,0,0,0,0,0,0,0,0,0,0,0,0,0,0,0,0,0,0,0.0001,0.0002,0.0004,0.0004,-0.0006,-0.0046,-0.0153,-0.0425,-0.1094,-0.2366,-0.3905,-0.4345,-0.0188,1.8039,7.1296,18.7468,38.1687,58.4674,64.4666,58.2977,50.531,32.7153,13.9474,-0.1893,-10.5935,-25.9117,-33.9519,-4.1438,101.1491,330.0744,694.5614,1257.8624,2096.5834,2693.699,2306.0762,1386.7727,653.1585,256.1803,18.9106,-160.0923,-248.6479,-194.0534,-96.0247,-40.9318,-25.0863,-18.8386,-15.4221,-11.2196,-6.8437,-4.0987,-2.2487,-1.0971,-0.4939,-0.1936,-0.0645,-0.0213,-0.0082,-0.0031,-0.0011,-0.0004,-0.0001,0,0,0,0,0,0,0,0,0,0,0,0,0,0,0,0,0,0,0,0,0,0,0,0,0,0,0,0,0,0,0,0,0,0,0,0,0,0,0,0
0,0,0,0,0,0,0,0,0,0,0,0,0,0,0,0,0,0,0,0,0,0,0,0,0,0,0,0,0.0001,0.0002,0.0001,-0.0009,-0.0043,-0.0131,-0.0349,-0.088,-0.1888,-0.3134,-0.3541,-0.0284,1.4689,6.0829,16.5546,34.7198,54.1993,58.4318,48.2629,38.8837,22.6033,5.906,-7.1267,-17.2698,-35.8219,-47.1545,-9.5706,137.6957,484.9526,1092.8518,2096.5834,3675.0016,4922.7309,4393.3433,2764.3978,1377.521,587.4822,81.2893,-324.3991,-548.0836,-447.6446,-228.274,-99.6166,-63.8372,-50.9323,-43.8604,-33.6946,-21.695,-13.6005,-7.7331,-3.8835,-1.8026,-0.7368,-0.2592,-0.0907,-0.0363,-0.0144,-0.0054,-0.0019,-0.0005,-0.0001,0,0,0,0,0,0,0,0,0,0,0,0,0,0,0,0,0,0,0,0,0,0,0,0,0,0,0,0,0,0,0,0,0,0,0,0,0,0,0
0,0,0,0,0,0,0,0,0,0,0,0,0,0,0,0,0,0,0,0,0,0,0,0,0,0,0,0,0,0.0001,0,-0.0005,-0.0024,-0.0074,-0.02,-0.0516,-0.1134,-0.1935,-0.2262,-0.0277,0.9548,4.1497,11.7294,25.4679,40.967,44.7275,36.1794,28.9769,16.6922,2.641,-8.8888,-18.3136,-37.46,-50.7179,-13.1944,151.3955,567.3305,1343.1669,2693.699,4922.7309,6867.703,6378.3822,4172.7834,2165.9141,973.3803,162.5532,-537.3192,-966.7881,-824.8445,-435.339,-195.4251,-130.1312,-108.8532,-97.6553,-78.313,-52.7364,-34.4877,-20.3609,-10.5658,-5.06,-2.1405,-0.7835,-0.2856,-0.1184,-0.0488,-0.0192,-0.007,-0.002,-0.0002,0.0001,0.0001,0.0001,0,0,0,0,0,0,0,0,0,0,0,0,0,0,0,0,0,0,0,0,0,0,0,0,0,0,0,0,0,0,0,0,0,0,0,0
0,0,0,0,0,0,0,0,0,0,0,0,0,0,0,0,0,0,0,0,0,0,0,0,0,0,0,0,0,0,0,-0.0002,-0.0009,-0.0029,-0.0078,-0.0202,-0.0445,-0.0765,-0.0883,0.0006,0.4423,1.9286,5.5678,12.3364,20.1,21.8565,17.1072,13.6065,7.3367,-0.4393,-7.1958,-13.237,-25.8848,-35.5319,-8.9799,111.5674,438.5266,1095.6767,2306.0762,4393.3433,6378.3822,6226.2889,4324.3652,2377.7505,1124.293,212.7165,-618.0133,-1157.6202,-1009.8714,-543.8319,-251.7255,-178.3317,-158.7472,-149.3759,-125.4176,-88.4404,-60.0845,-36.6916,-19.6195,-9.6821,-4.2481,-1.6205,-0.6155,-0.2648,-0.1146,-0.0474,-0.0182,-0.0055,-0.0008,0.0003,0.0003,0.0002,0.0001,0,0,0,0,0,0,0,0,0,0,0,0,0,0,0,0,0,0,0,0,0,0,0,0,0,0,0,0,0,0,0,0,0,0,0
0,0,0,0,0,0,0,0,0,0,0,0,0,0,0,0,0,0,0,0,0,0,0,0,0,0,0,0,0,0,0,-0.0001,-0.0003,-0.0009,-0.0024,-0.0058,-0.0123,-0.0203,-0.0211,0.0102,0.1507,0.624,1.7895,3.9436,6.3165,6.5227,4.2707,2.607,-0.0345,-2.4438,-4.4224,-6.8998,-11.8722,-16.4511,-2.3201,58.2383,233.4414,623.1139,1386.7727,2764.3978,4172.7834,4324.3652,3303.6006,2007.2603,1013.6459,223.5587,-497.9767,-946.0733,-807.0845,-428.9321,-208.1121,-169.2454,-166.9684,-167.7941,-149.5948,-111.7336,-78.2202,-48.7172,-26.4541,-13.3366,-6.1301,-2.4914,-1.0024,-0.4483,-0.2076,-0.0928,-0.0377,-0.0122,-0.0022,0.0003,0.0006,0.0003,0.0001,0,0,0,0,0,0,0,0,0,0,0,0,0,0,0,0,0,0,0,0,0,0,0,0,0,0,0,0,0,0,0,0,0,0,0
0,0,0,0,0,0,0,0,0,0,0,0,0,0,0,0,0,0,0,0,0,0,0,0,0,0,0,0,0,0,0,0,-0.0001,-0.0002,-0.0006,-0.0014,-0.0027,-0.0041,-0.0031,0.0061,0.0409,0.1548,0.428,0.9116,1.3676,1.0783,-0.1874,-1.2871,-2.3737,-2.5751,-2.6321,-3.2479,-4.2182,-5.5055,-0.0436,22.2173,92.2711,272.6354,653.1585,1377.521,2165.9141,2377.7505,2007.2603,1388.6008,775.4838,223.0548,-252.8509,-506.1948,-401.7669,-200.1002,-106.8232,-114.0249,-133.1385,-146.4039,-141.996,-114.5783,-82.7668,-52.0191,-28.183,-14.3333,-7.0045,-3.1432,-1.3937,-0.6656,-0.3362,-0.1626,-0.07,-0.0245,-0.0055,-0.0002,0.0007,0.0005,0.0002,0.0001,0,0,0,0,0,0,0,0,0,0,0,0,0,0,0,0,0,0,0,0,0,0,0,0,0,0,0,0,0,0,0,0,0,0
0,0,0,0,0,0,0,0,0,0,0,0,0,0,0,0,0,0,0,0,0,0,0,0,0,0,0,0,0,0,0,0,0,-0.0001,-0.0001,-0.0003,-0.0006,-0.0009,-0.0007,0.0008,0.0057,0.022,0.0584,0.1121,0.1119,-0.1845,-0.944,-1.6957,-2.1519,-1.9474,-1.5503,-1.4333,-1.5115,-1.9282,-0.4124,6.0677,27.4842,96.0125,256.1803,587.4822,973.3803,1124.293,1013.6459,775.4838,500.3189,221.8237,-9.7076,-124.0383,-91.2634,-26.7876,-11.3102,-40.656,-72.069,-90.1257,-100.5879,-92.4817,-71.659,-45.7552,-24.2489,-12.0685,-6.2289,-3.1654,-1.6037,-0.843,-0.4664,-0.2401,-0.1082,-0.041,-0.0117,-0.0024,-0.0001,0.0002,0.0001,0,0,0,0,0,0,0,0,0,0,0,0,0,0,0,0,0,0,0,0,0,0,0,0,0,0,0,0,0,0,0,0,0,0,0
0,0,0,0,0,0,0,0,0,0,0,0,0,0,0,0,0,0,0,0,0,0,0,0,0,0,0,0,0,0,0,0,0,0,0,-0.0001,-0.0001,-0.0002,-0.0003,-0.0008,-0.003,-0.0102,-0.0316,-0.084,-0.1858,-0.4013,-0.8551,-1.378,-1.6168,-1.3687,-0.8068,-0.4121,-0.3746,-0.7761,-1.0713,-2.0214,-5.8305,-2.0244,18.9106,81.2893,162.5532,212.7165,223.5587,223.0548,221.8237,233.4558,300.6627,367.3582,304.3098,189.6298,122.4234,74.7847,25.6866,11.3425,-15.3797,-44.1353,-46.0415,-28.8269,-11.6828,-3.2501,-1.5329,-1.4583,-1.1828,-0.8166,-0.5749,-0.3383,-0.1655,-0.0727,-0.0298,-0.0126,-0.0054,-0.0022,-0.0008,-0.0004,-0.0002,-0.0001,0,0,0,0,0,0,0,0,0,0,0,0,0,0,0,0,0,0,0,0,0,0,0,0,0,0,0,0,0,0,0,0
0,0,0,0,0,0,0,0,0,0,0,0,0,0,0,0,0,0,0,0,0,0,0,0,0,0,0,0,0,0,0,0,0,0,0,0,0,0,-0.0001,-0.0007,-0.0041,-0.016,-0.0506,-0.1308,-0.2632,-0.4462,-0.7848,-1.2572,-1.4835,-1.1386,-0.3974,0.1088,0.1515,-0.3725,-1.7225,-8.3308,-30.6387,-73.0945,-160.0923,-324.3991,-537.3192,-618.0133,-497.9767,-252.8509,-9.7076,300.6627,855.5377,1386.3348,1246.669,722.2764,421.4577,317.552,211.1987,199.992,140.901,27.844,-12.708,2.455,20.6894,23.9644,13.926,4.3855,0.4941,-0.5186,-0.934,-0.7341,-0.4135,-0.2178,-0.1182,-0.0655,-0.0345,-0.0156,-0.0064,-0.0027,-0.0012,-0.0004,-0.0001,0,0,0,0,0,0,0,0,0,0,0,0,0,0,0,0,0,0,0,0,0,0,0,0,0,0,0,0,0,0,0
0,0,0,0,0,0,0,0,0,0,0,0,0,0,0,0,0,0,0,0,0,0,0,0,0,0,0,0,0,0,0,0,0,0,0,0,0,0,0,-0.0004,-0.0026,-0.0111,-0.0371,-0.0997,-0.2054,-0.3402,-0.5776,-0.9503,-1.1664,-0.8669,-0.2104,0.2111,0.2875,-0.1903,-1.7774,-10.786,-41.1297,-105.1587,-248.6479,-548.0836,-966.7881,-1157.6202,-946.0733,-506.1948,-124.0383,367.3582,1386.3348,2553.8664,2513.3088,1521.5163,861.7615,659.3569,464.5026,445.3866,338.6563,98.3832,13.5191,44.8078,78.3609,78.0512,44.9212,15.4607,3.4061,-0.2202,-2.2548,-2.1229,-1.3037,-0.7317,-0.4186,-0.2412,-0.133,-0.0623,-0.0265,-0.0119,-0.0053,-0.002,-0.0007,-0.0002,-0.0001,0,0,0,0,0,0,0,0,0,0,0,0,0,0,0,0,0,0,0,0,0,0,0,0,0,0,0,0,0
0,0,0,0,0,0,0,0,0,0,0,0,0,0,0,0,0,0,0,0,0,0,0,0,0,0,0,0,0,0,0,0,0,0,0,0,0,0,0,-0.0001,-0.001,-0.0045,-0.0157,-0.0442,-0.095,-0.1617,-0.2764,-0.4651,-0.5923,-0.4601,-0.1333,0.0743,0.1741,-0.0262,-0.9697,-7.2732,-29.4742,-78.9317,-194.0534,-447.6446,-824.8445,-1009.8714,-807.0845,-401.7669,-91.2634,304.3098,1246.669,2513.3088,2724.2824,1806.6859,1043.5235,790.8176,582.8416,563.3559,443.8169,149.0266,46.1535,83.4554,125.7813,124.1056,71.7187,24.6674,5.4526,-0.4909,-4.3843,-4.3214,-2.7687,-1.5937,-0.9129,-0.5243,-0.2946,-0.142,-0.0629,-0.0297,-0.0139,-0.0055,-0.0019,-0.0006,-0.0002,-0.0001,0,0,0,0,0,0,0,0,0,0,0,0,0,0,0,0,0,0,0,0,0,0,0,0,0,0,0,0
0,0,0,0,0,0,0,0,0,0,0,0,0,0,0,0,0,0,0,0,0,0,0,0,0,0,0,0,0,0,0,0,0,0,0,0,0,0,0,0,-0.0003,-0.0012,-0.0046,-0.0133,-0.03,-0.0541,-0.0951,-0.1615,-0.2117,-0.1844,-0.084,-0.0165,0.0406,0.0041,-0.3382,-3.0393,-13.4232,-37.9335,-96.0247,-228.274,-435.339,-543.8319,-428.9321,-200.1002,-26.7876,189.6298,722.2764,1521.5163,1806.6859,1363.6595,855.5985,653.4482,523.5212,534.5008,454.7356,214.5305,108.8237,109.1579,130.5259,126.5081,75.1291,26.7369,5.8281,-1.141,-5.7156,-5.6473,-3.758,-2.2522,-1.3214,-0.7677,-0.4405,-0.2211,-0.1035,-0.0515,-0.0249,-0.0103,-0.0038,-0.0013,-0.0005,-0.0002,-0.0001,0,0,0,0,0,0,0,0,0,0,0,0,0,0,0,0,0,0,0,0,0,0,0,0,0,0,0
0,0,0,0,0,0,0,0,0,0,0,0,0,0,0,0,0,0,0,0,0,0,0,0,0,0,0,0,0,0,0,0,0,0,0,0,0,0,0,0,-0.0001,-0.0003,-0.0012,-0.0035,-0.0083,-0.0159,-0.0291,-0.0502,-0.0682,-0.0654,-0.0361,-0.0138,-0.0006,-0.0208,-0.1495,-1.171,-5.3662,-15.7586,-40.9318,-99.6166,-195.4251,-251.7255,-208.1121,-106.8232,-11.3102,122.4234,421.4577,861.7615,1043.5235,855.5985,608.5713,501.0603,427.8195,468.8962,430.5482,239.1875,124.6412,100.54,112.9313,114.8204,73.8117,29.0821,7.44,-0.9636,-6.3777,-6.5092,-4.5725,-2.9386,-1.8495,-1.1385,-0.6786,-0.356,-0.1753,-0.0902,-0.0446,-0.019,-0.0072,-0.0027,-0.001,-0.0004,-0.0001,0,0,0,0,0,0,0,0,0,0,0,0,0,0,0,0,0,0,0,0,0,0,0,0,0,0,0
0,0,0,0,0,0,0,0,0,0,0,0,0,0,0,0,0,0,0,0,0,0,0,0,0,0,0,0,0,0,0,0,0,0,0,0,0,0,0,0,0,-0.0001,-0.0004,-0.0011,-0.0027,-0.0054,-0.0102,-0.0181,-0.025,-0.025,-0.015,-0.0052,0.0012,-0.005,-0.08,-0.6262,-2.9726,-9.2387,-25.0863,-63.8372,-130.1312,-178.3317,-169.2454,-114.0249,-40.656,74.7847,317.552,659.3569,790.8176,653.4482,501.0603,484.44,481.4398,576.7209,596.4049,447.2008,325.0251,261.3593,225.6533,192.5476,126.3078,59.7705,24.2826,8.5072,-1.4611,-4.1422,-3.7086,-3.0277,-2.4811,-1.891,-1.2888,-0.7453,-0.3921,-0.2028,-0.0998,-0.0434,-0.017,-0.0065,-0.0025,-0.0009,-0.0003,-0.0001,-0.0001,0,0,0,0,0,0,0,0,0,0,0,0,0,0,0,0,0,0,0,0,0,0,0,0,0
0,0,0,0,0,0,0,0,0,0,0,0,0,0,0,0,0,0,0,0,0,0,0,0,0,0,0,0,0,0,0,0,0,0,0,0,0,0,0,0,0,0,-0.0001,-0.0004,-0.001,-0.002,-0.0036,-0.0061,-0.0083,-0.0088,-0.0066,-0.0017,0.009,0.0234,-0.0027,-0.287,-1.7874,-6.4129,-18.8386,-50.9323,-108.8532,-158.7472,-166.9684,-133.1385,-72.069,25.6866,211.1987,464.5026,582.8416,523.5212,427.8195,481.4398,623.9844,850.9818,1003.7634,1008.3968,946.3356,801.336,614.9577,449.6983,290.9665,155.8927,77.4355,42.3211,24.9618,15.57,8.7807,3.2001,-0.6693,-2.1826,-2.1453,-1.5153,-0.8954,-0.4551,-0.2114,-0.092,-0.0376,-0.015,-0.0059,-0.0023,-0.0009,-0.0003,-0.0001,-0.0001,0,0,0,0,0,0,0,0,0,0,0,0,0,0,0,0,0,0,0,0,0,0,0,0
0,0,0,0,0,0,0,0,0,0,0,0,0,0,0,0,0,0,0,0,0,0,0,0,0,0,0,0,0,0,0,0,0,0,0,0,0,0,0,0,0,0,-0.0001,-0.0002,-0.0004,-0.0009,-0.0016,-0.0026,-0.0035,-0.004,-0.0033,-0.0001,0.0085,0.0241,0.018,-0.1481,-1.2181,-4.9108,-15.4221,-43.8604,-97.6553,-149.3759,-167.7941,-146.4039,-90.1257,11.3425,199.992,445.3866,563.3559,534.5008,468.8962,576.7209,850.9818,1287.3949,1623.2996,1758.8092,1753.2029,1548.5008,1225.8369,918.4827,625.042,360.159,187.3386,105.805,72.8621,54.1565,35.3136,16.7355,2.7385,-3.7328,-4.9503,-3.9436,-2.4898,-1.2712,-0.5801,-0.2559,-0.1085,-0.0452,-0.0186,-0.0074,-0.0029,-0.0011,-0.0005,-0.0002,-0.0001,0,0,0,0,0,0,0,0,0,0,0,0,0,0,0,0,0,0,0,0,0,0,0
0,0,0,0,0,0,0,0,0,0,0,0,0,0,0,0,0,0,0,0,0,0,0,0,0,0,0,0,0,0,0,0,0,0,0,0,0,0,0,0,0,0,0,-0.0001,-0.0002,-0.0003,-0.0005,-0.0007,-0.0009,-0.0012,-0.0011,0.0004,0.006,0.0178,0.0175,-0.0801,-0.7656,-3.3639,-11.2196,-33.6946,-78.313,-125.4176,-149.5948,-141.996,-100.5879,-15.3797,140.901,338.6563,443.8169,454.7356,430.5482,596.4049,1003.7634,1623.2996,2202.4641,2611.6996,2767.1651,2510.0662,1996.4428,1501.1022,1061.9328,662.6885,382.875,240.4807,183.7555,144.4247,98.415,51.5607,14.679,-4.0212,-9.3168,-8.4957,-5.7597,-2.9677,-1.3321,-0.5971,-0.2646,-0.1155,-0.0495,-0.0204,-0.0081,-0.0033,-0.0014,-0.0006,-0.0002,-0.0001,0,0,0,0,0,0,0,0,0,0,0,0,0,0,0,0,0,0,0,0,0,0
0,0,0,0,0,0,0,0,0,0,0,0,0,0,0,0,0,0,0,0,0,0,0,0,0,0,0,0,0,0,0,0,0,0,0,0,0,0,0,0,0,0,0,0,0,-0.0001,-0.0001,0,0.0001,0.0001,-0.0003,0.0003,0.0041,0.0134,0.0179,-0.0252,-0.3903,-1.9302,-6.8437,-21.695,-52.7364,-88.4404,-111.7336,-114.5783,-92.4817,-44.1353,27.844,98.3832,149.0266,214.5305,239.1875,447.2008,1008.3968,1758.8092,2611.6996,3586.9219,4204.0245,3978.918,3152.4044,2286.2215,1607.5646,1057.9012,674.1358,488.8229,435.3861,369.6617,266.7927,156.9301,65.1956,13.0751,-7.4131,-12.3117,-9.9612,-4.9255,-1.8729,-0.7835,-0.3685,-0.1731,-0.0784,-0.0332,-0.0131,-0.005,-0.0021,-0.0011,-0.0005,-0.0002,0,0,0,0,0,0,0,0,0,0,0,0,0,0,0,0,0,0,0,0,0,0
0,0,0,0,0,0,0,0,0,0,0,0,0,0,0,0,0,0,0,0,0,0,0,0,0,0,0,0,0,0,0,0,0,0,0,0,0,0,0,0,0,0,0,0,0,0,0,0.0001,0.0002,0.0002,0,0.0003,0.0026,0.0085,0.0132,-0.0057,-0.202,-1.0946,-4.0987,-13.6005,-34.4877,-60.0845,-78.2202,-82.7668,-71.659,-46.0415,-12.708,13.5191,46.1535,108.8237,124.6412,325.0251,946.3356,1753.2029,2767.1651,4204.0245,5390.8296,5466.2304,4531.5858,3328.2301,2321.7982,1534.1631,1013.9603,807.9843,792.2436,712.4862,542.3115,343.6,164.3338,53.053,2.0626,-16.4092,-16.5924,-7.7804,-2.2274,-0.738,-0.378,-0.2009,-0.0987,-0.0433,-0.0163,-0.0056,-0.0028,-0.002,-0.0011,-0.0005,-0.0001,0,0,0,0,0,0,0,0,0,0,0,0,0,0,0,0,0,0,0,0,0
0,0,0,0,0,0,0,0,0,0,0,0,0,0,0,0,0,0,0,0,0,0,0,0,0,0,0,0,0,0,0,0,0,0,0,0,0,0,0,0,0,0,0,0,0,0,0,0,0.0001,0.0001,0,0.0002,0.0013,0.0041,0.007,-0.0017,-0.1019,-0.5743,-2.2487,-7.7331,-20.3609,-36.6916,-48.7172,-52.0191,-45.7552,-28.8269,2.455,44.8078,83.4554,109.1579,100.54,261.3593,801.336,1548.5008,2510.0662,3978.918,5466.2304,6049.4741,5470.0847,4280.7654,3035.144,1956.2045,1269.3646,1062.3034,1102.4187,1039.0809,832.7812,557.4341,283.9332,100.4734,9.0488,-27.1706,-29.6452,-14.0451,-3.8132,-1.1134,-0.5631,-0.3145,-0.1618,-0.0754,-0.0307,-0.0123,-0.0078,-0.006,-0.0035,-0.0015,-0.0004,0,0,0,0,0,0,0,0,0,0,0,0,0,0,0,0,0,0,0,0,0
0,0,0,0,0,0,0,0,0,0,0,0,0,0,0,0,0,0,0,0,0,0,0,0,0,0,0,0,0,0,0,0,0,0,0,0,0,0,0,0,0,0,0,0,0,0,0,0,0,0,0,0.0001,0.0005,0.0015,0.0028,-0.0012,-0.0478,-0.2711,-1.0971,-3.8835,-10.5658,-19.6195,-26.4541,-28.183,-24.2489,-11.6828,20.6894,78.3609,125.7813,130.5259,112.9313,225.6533,614.9577,1225.8369,1996.4428,3152.4044,4531.5858,5470.0847,5478.7824,4690.9462,3481.9735,2211.0281,1357.5574,1123.5933,1201.7683,1193.5885,1013.0612,710.3141,371.3257,126.6267,-2.3607,-53.3637,-54.1195,-27.5946,-9.4546,-3.4893,-1.6832,-0.8765,-0.444,-0.2174,-0.1026,-0.0511,-0.0326,-0.0214,-0.0112,-0.0044,-0.0011,-0.0001,0,0,0,0,0,0,0,0,0,0,0,0,0,0,0,0,0,0,0,0
0,0,0,0,0,0,0,0,0,0,0,0,0,0,0,0,0,0,0,0,0,0,0,0,0,0,0,0,0,0,0,0,0,0,0,0,0,0,0,0,0,0,0,0,0,0,0,0,0,0,0,0,0.0002,0.0005,0.001,-0.0008,-0.0206,-0.1184,-0.4939,-1.8026,-5.06,-9.6821,-13.3366,-14.3333,-12.0685,-3.2501,23.9644,78.0512,124.1056,126.5081,114.8204,192.5476,449.6983,918.4827,1501.1022,2286.2215,3328.2301,4280.7654,4690.9462,4416.5954,3523.7044,2299.8012,1362.1374,1049.6275,1105.6993,1154.9352,1037.859,751.0083,384.3018,102.7953,-49.9825,-105.5573,-96.7336,-54.0537,-23.6121,-10.772,-5.3812,-2.777,-1.4181,-0.7143,-0.36,-0.1918,-0.117,-0.0698,-0.034,-0.0131,-0.0036,-0.0006,0,0.0001,0,0,0,0,0,0,0,0,0,0,0,0,0,0,0,0,0,0
0,0,0,0,0,0,0,0,0,0,0,0,0,0,0,0,0,0,0,0,0,0,0,0,0,0,0,0,0,0,0,0,0,0,0,0,0,0,0,0,0,0,0,0,0,0,0,0,0,0,0,0,0.0001,0.0002,0.0003,-0.0002,-0.0072,-0.0444,-0.1936,-0.7368,-2.1405,-4.2481,-6.1301,-7.0045,-6.2289,-1.5329,13.926,44.9212,71.7187,75.1291,73.8117,126.3078,290.9665,625.042,1061.9328,1607.5646,2321.7982,3035.144,3481.9735,3523.7044,3082.4432,2210.8889,1371.0054,975.7252,974.2703,1066.1649,1005.5624,738.023,357.5267,55.6573,-108.8054,-163.9411,-144.2158,-84.9994,-41.2035,-20.5401,-10.7516,-5.7347,-3.0248,-1.567,-0.8122,-0.4396,-0.2654,-0.1578,-0.0785,-0.0321,-0.0096,-0.0019,-0.0001,0.0001,0,0,0,0,0,0,0,0,0,0,0,0,0,0,0,0,0,0
0,0,0,0,0,0,0,0,0,0,0,0,0,0,0,0,0,0,0,0,0,0,0,0,0,0,0,0,0,0,0,0,0,0,0,0,0,0,0,0,0,0,0,0,0,0,0,0,0,0,0,0,0,0.0001,0.0001,0,-0.0021,-0.0141,-0.0645,-0.2592,-0.7835,-1.6205,-2.4914,-3.1432,-3.1654,-1.4583,4.3855,15.4607,24.6674,26.7369,29.0821,59.7705,155.8927,360.159,662.6885,1057.9012,1534.1631,1956.2045,2211.0281,2299.8012,2210.8889,1869.5475,1369.4747,988.1188,904.5714,990.0058,959.6769,708.6078,331.6997,32.0025,-129.7718,-184.9275,-164.339,-99.0952,-48.9945,-25.3884,-14.0421,-7.8863,-4.3398,-2.3125,-1.2118,-0.6468,-0.3868,-0.241,-0.1313,-0.06,-0.02,-0.0044,-0.0002,0.0003,0.0001,0,0,0,0,0,0,0,0,0,0,0,0,0,0,0,0,0
0,0,0,0,0,0,0,0,0,0,0,0,0,0,0,0,0,0,0,0,0,0,0,0,0,0,0,0,0,0,0,0,0,0,0,0,0,0,0,0,0,0,0,0,0,0,0,0,0,0,0,0,0,0,0,0,-0.0007,-0.0045,-0.0213,-0.0907,-0.2856,-0.6155,-1.0024,-1.3937,-1.6037,-1.1828,0.4941,3.4061,5.4526,5.8281,7.44,24.2826,77.4355,187.3386,382.875,674.1358,1013.9603,1269.3646,1357.5574,1362.1374,1371.0054,1369.4747,1323.0304,1189.2416,1077.6383,1052.8288,984.6966,737.8503,366.9289,67.9797,-97.5581,-159.8354,-152.8599,-94.4175,-46.3166,-24.8923,-14.9156,-9.0068,-5.2183,-2.8649,-1.5033,-0.7668,-0.4456,-0.3038,-0.1917,-0.0997,-0.0362,-0.0084,-0.0001,0.001,0.0005,0.0002,0.0001,0,0,0,0,0,0,0,0,0,0,0,0,0,0,0
0,0,0,0,0,0,0,0,0,0,0,0,0,0,0,0,0,0,0,0,0,0,0,0,0,0,0,0,0,0,0,0,0,0,0,0,0,0,0,0,0,0,0,0,0,0,0,0,0,0,0,0,0,0,0,0,-0.0003,-0.0016,-0.0082,-0.0363,-0.1184,-0.2648,-0.4483,-0.6656,-0.843,-0.8166,-0.5186,-0.2202,-0.4909,-1.141,-0.9636,8.5072,42.3211,105.805,240.4807,488.8229,807.9843,1062.3034,1123.5933,1049.6275,975.7252,988.1188,1189.2416,1468.399,1598.8891,1508.8986,1351.3149,1075.7607,657.9966,286.806,47.3193,-74.4487,-112.54,-65.0005,-20.5828,-8.0627,-6.1353,-4.7315,-3.0947,-1.7801,-0.8886,-0.3669,-0.235,-0.276,-0.2548,-0.1575,-0.0583,-0.0113,0.0029,0.0036,0.0017,0.0006,0.0002,0,0,0,0,0,0,0,0,0,0,0,0,0,0,0
0,0,0,0,0,0,0,0,0,0,0,0,0,0,0,0,0,0,0,0,0,0,0,0,0,0,0,0,0,0,0,0,0,0,0,0,0,0,0,0,0,0,0,0,0,0,0,0,0,0,0,0,0,0,0,0,-0.0001,-0.0006,-0.0031,-0.0144,-0.0488,-0.1146,-0.2076,-0.3362,-0.4664,-0.5749,-0.934,-2.2548,-4.3843,-5.7156,-6.3777,-1.4611,24.9618,72.8621,183.7555,435.3861,792.2436,1102.4187,1201.7683,1105.6993,974.2703,904.5714,1077.6383,1598.8891,2207.2337,2372.6464,2231.3347,1913.449,1363.417,799.8181,373.6102,82.7185,-59.469,-2.7212,61.2446,56.3767,32.943,17.6977,9.9217,5.8802,3.8777,2.7855,1.674,0.5571,-0.086,-0.1948,-0.0795,-0.006,0.0162,0.0128,0.0055,0.0019,0.0006,0.0002,0,0,0,0,0,0,0,0,0,0,0,0,0,0
0,0,0,0,0,0,0,0,0,0,0,0,0,0,0,0,0,0,0,0,0,0,0,0,0,0,0,0,0,0,0,0,0,0,0,0,0,0,0,0,0,0,0,0,0,0,0,0,0,0,0,0,0,0,0,0,0,-0.0002,-0.0011,-0.0054,-0.0192,-0.0474,-0.0928,-0.1626,-0.2401,-0.3383,-0.7341,-2.1229,-4.3214,-5.6473,-6.5092,-4.1422,15.57,54.1565,144.4247,369.6617,712.4862,1039.0809,1193.5885,1154.9352,1066.1649,990.0058,1052.8288,1508.8986,2372.6464,2946.4376,3024.1194,2746.3057,2084.2389,1320.0963,690.3559,192.4846,-68.5055,36.8611,164.1052,151.8881,96.1322,56.6788,34.0956,21.0755,13.9776,9.8991,6.2564,2.731,0.4782,-0.2217,-0.1192,0.0074,0.049,0.0363,0.0157,0.0054,0.0019,0.0006,0.0001,0,0,0,0,0,0,0,0,0,0,0,0,0
0,0,0,0,0,0,0,0,0,0,0,0,0,0,0,0,0,0,0,0,0,0,0,0,0,0,0,0,0,0,0,0,0,0,0,0,0,0,0,0,0,0,0,0,0,0,0,0,0,0,0,0,0,0,0,0,0,-0.0001,-0.0004,-0.0019,-0.007,-0.0182,-0.0377,-0.07,-0.1082,-0.1655,-0.4135,-1.3037,-2.7687,-3.758,-4.5725,-3.7086,8.7807,35.3136,98.415,266.7927,542.3115,832.7812,1013.0612,1037.859,1005.5624,959.6769,984.6966,1351.3149,2231.3347,3024.1194,3360.6702,3240.4118,2593.9696,1734.6214,968.5714,295.6001,-73.7036,89.6571,296.972,284.663,191.8311,120.5007,76.2851,48.7467,32.7,23.046,14.6879,6.8201,1.6585,-0.1719,-0.1484,0.0484,0.1197,0.0869,0.0384,0.0137,0.005,0.0017,0.0004,0,0,0,0,0,0,0,0,0,0,0,0,0
0,0,0,0,0,0,0,0,0,0,0,0,0,0,0,0,0,0,0,0,0,0,0,0,0,0,0,0,0,0,0,0,0,0,0,0,0,0,0,0,0,0,0,0,0,0,0,0,0,0,0,0,0,0,0,0,0,0,-0.0001,-0.0005,-0.002,-0.0055,-0.0122,-0.0245,-0.041,-0.0727,-0.2178,-0.7317,-1.5937,-2.2522,-2.9386,-3.0277,3.2001,16.7355,51.5607,156.9301,343.6,557.4341,710.3141,751.0083,738.023,708.6078,737.8503,1075.7607,1913.449,2746.3057,3240.4118,3350.6139,2916.3174,2161.0484,1387.1675,599.619,119.9431,299.8999,553.6753,518.5746,365.5428,242.1879,160.2213,105.3363,71.2639,49.7288,31.8343,15.7944,5.0193,0.6922,0.1497,0.2396,0.2792,0.188,0.0835,0.0306,0.0115,0.0039,0.0011,0.0001,0,0,0,0,0,0,0,0,0,0,0,0
0,0,0,0,0,0,0,0,0,0,0,0,0,0,0,0,0,0,0,0,0,0,0,0,0,0,0,0,0,0,0,0,0,0,0,0,0,0,0,0,0,0,0,0,0,0,0,0,0,0,0,0,0,0,0,0,0,0,0,-0.0001,-0.0002,-0.0008,-0.0022,-0.0055,-0.0117,-0.0298,-0.1182,-0.4186,-0.9129,-1.3214,-1.8495,-2.4811,-0.6693,2.7385,14.679,65.1956,164.3338,283.9332,371.3257,384.3018,357.5267,331.6997,366.9289,657.9966,1363.417,2084.2389,2593.9696,2916.3174,2886.2212,2538.682,2021.2807,1295.1121,754.0486,862.0715,1058.2226,934.7049,675.3496,465.8568,319.5148,215.8498,148.0882,103.4931,68.0153,37.3921,15.5067,5.0343,1.9273,0.9661,0.6229,0.3591,0.1586,0.061,0.0243,0.0088,0.0027,0.0006,0.0001,0,0,0,0,0,0,0,0,0,0,0
0,0,0,0,0,0,0,0,0,0,0,0,0,0,0,0,0,0,0,0,0,0,0,0,0,0,0,0,0,0,0,0,0,0,0,0,0,0,0,0,0,0,0,0,0,0,0,0,0,0,0,0,0,0,0,0,0,0,0,0,0.0001,0.0003,0.0003,-0.0002,-0.0024,-0.0126,-0.0655,-0.2412,-0.5243,-0.7677,-1.1385,-1.891,-2.1826,-3.7328,-4.0212,13.0751,53.053,100.4734,126.6267,102.7953,55.6573,32.0025,67.9797,286.806,799.8181,1320.0963,1734.6214,2161.0484,2538.682,2780.4635,2781.3446,2363.3345,1887.2605,1869.3095,1907.2188,1618.258,1191.4964,850.1454,603.3935,420.7178,295.7734,210.5327,144.5078,88.0981,43.8161,18.5836,7.6723,3.0782,1.356,0.6361,0.2857,0.1243,0.0569,0.0242,0.0094,0.0032,0.0008,0.0002,0,0,0,0,0,0,0,0,0,0
0,0,0,0,0,0,0,0,0,0,0,0,0,0,0,0,0,0,0,0,0,0,0,0,0,0,0,0,0,0,0,0,0,0,0,0,0,0,0,0,0,0,0,0,0,0,0,0,0,0,0,0,0,0,0,0,0,0,0,0,0.0001,0.0003,0.0006,0.0007,-0.0001,-0.0054,-0.0345,-0.133,-0.2946,-0.4405,-0.6786,-1.2888,-2.1453,-4.9503,-9.3168,-7.4131,2.0626,9.0488,-2.3607,-49.9825,-108.8054,-129.7718,-97.5581,47.3193,373.6102,690.3559,968.5714,1387.1675,2021.2807,2781.3446,3377.2259,3450.9134,3212.1107,3121.7072,2998.0893,2530.7289,1912.6193,1414.1513,1041.8649,754.5202,549.546,405.1556,293.7255,195.4236,108.7359,51.7062,21.9752,8.162,2.8496,1.069,0.5116,0.2715,0.1479,0.0753,0.035,0.0147,0.0042,0.0007,0,-0.0002,-0.0001,-0.0001,0,0,0,0,0,0
0,0,0,0,0,0,0,0,0,0,0,0,0,0,0,0,0,0,0,0,0,0,0,0,0,0,0,0,0,0,0,0,0,0,0,0,0,0,0,0,0,0,0,0,0,0,0,0,0,0,0,0,0,0,0,0,0,0,0,0,0.0001,0.0002,0.0003,0.0005,0.0002,-0.0022,-0.0156,-0.0623,-0.142,-0.2211,-0.356,-0.7453,-1.5153,-3.9436,-8.4957,-12.3117,-16.4092,-27.1706,-53.3637,-105.5573,-163.9411,-184.9275,-159.8354,-74.4487,82.7185,192.4846,295.6001,599.619,1295.1121,2363.3345,3450.9134,4132.5356,4347.3056,4293.7288,4033.6969,3438.361,2684.8825,2063.6349,1581.6073,1190.2583,897.23,683.5849,519.3902,370.1247,222.2491,113.0597,49.2122,17.755,5.3099,1.5651,0.8508,0.5766,0.3711,0.2172,0.1135,0.0518,0.0158,0.0023,-0.0004,-0.0008,-0.0005,-0.0002,-0.0001,0,0,0,0,0
0,0,0,0,0,0,0,0,0,0,0,0,0,0,0,0,0,0,0,0,0,0,0,0,0,0,0,0,0,0,0,0,0,0,0,0,0,0,0,0,0,0,0,0,0,0,0,0,0,0,0,0,0,0,0,0,0,0,0,0,0,0.0001,0.0001,0.0002,0.0001,-0.0008,-0.0064,-0.0265,-0.0629,-0.1035,-0.1753,-0.3921,-0.8954,-2.4898,-5.7597,-9.9612,-16.5924,-29.6452,-54.1195,-96.7336,-144.2158,-164.339,-152.8599,-112.54,-59.469,-68.5055,-73.7036,119.9431,754.0486,1887.2605,3212.1107,4347.3056,5057.8696,5196.6716,4931.2796,4318.3806,3512.5332,2816.3562,2247.7135,1754.9131,1364.454,1066.9936,837.3772,626.5616,397.1987,211.8156,94.5701,33.9298,9.1246,2.0396,1.3312,1.1608,0.8546,0.5556,0.3155,0.1526,0.0486,0.007,-0.0018,-0.0026,-0.0017,-0.0007,-0.0002,0,0,0,0,0
0,0,0,0,0,0,0,0,0,0,0,0,0,0,0,0,0,0,0,0,0,0,0,0,0,0,0,0,0,0,0,0,0,0,0,0,0,0,0,0,0,0,0,0,0,0,0,0,0,0,0,0,0,0,0,0,0,0,0,0,0,0,0,0.0001,0,-0.0004,-0.0027,-0.0119,-0.0297,-0.0515,-0.0902,-0.2028,-0.4551,-1.2712,-2.9677,-4.9255,-7.7804,-14.0451,-27.5946,-54.0537,-84.9994,-99.0952,-94.4175,-65.0005,-2.7212,36.8611,89.6571,299.8999,862.0715,1869.3095,3121.7072,4293.7288,5196.6716,5680.9232,5747.0456,5309.9292,4518.8976,3774.2076,3130.935,2536.4939,2044.2059,1653.0506,1333.4084,1021.8701,663.2066,361.9741,167.054,62.8392,18.4312,4.8636,3.1406,2.6484,1.9867,1.3386,0.796,0.3977,0.1326,0.0215,-0.004,-0.0073,-0.0051,-0.0023,-0.0007,-0.0002,0,0,0,0
0,0,0,0,0,0,0,0,0,0,0,0,0,0,0,0,0,0,0,0,0,0,0,0,0,0,0,0,0,0,0,0,0,0,0,0,0,0,0,0,0,0,0,0,0,0,0,0,0,0,0,0,0,0,0,0,0,0,0,0,0,0,0,0,0,-0.0002,-0.0012,-0.0053,-0.0139,-0.0249,-0.0446,-0.0998,-0.2114,-0.5801,-1.3321,-1.8729,-2.2274,-3.8132,-9.4546,-23.6121,-41.2035,-48.9945,-46.3166,-20.5828,61.2446,164.1052,296.972,553.6753,1058.2226,1907.2188,2998.0893,4033.6969,4931.2796,5747.0456,6301.2226,6183.8354,5500.967,4777.7918,4117.3253,3466.828,2909.4708,2451.3134,2043.1894,1599.5518,1057.1786,588.9359,282.3732,113.2905,37.9773,12.4756,7.629,5.8914,4.3662,2.9879,1.8493,0.9598,0.3375,0.0631,-0.0059,-0.0181,-0.0139,-0.0067,-0.0021,-0.0005,-0.0001,0,0,0
0,0,0,0,0,0,0,0,0,0,0,0,0,0,0,0,0,0,0,0,0,0,0,0,0,0,0,0,0,0,0,0,0,0,0,0,0,0,0,0,0,0,0,0,0,0,0,0,0,0,0,0,0,0,0,0,0,0,0,0,0,0,0,0,0,-0.0001,-0.0004,-0.002,-0.0055,-0.0103,-0.019,-0.0434,-0.092,-0.2559,-0.5971,-0.7835,-0.738,-1.1134,-3.4893,-10.772,-20.5401,-25.3884,-24.8923,-8.0627,56.3767,151.8881,284.663,518.5746,934.7049,1618.258,2530.7289,3438.361,4318.3806,5309.9292,6183.8354,6394.4424,5952.4901,5388.9441,4831.5746,4225.5074,3677.2105,3206.2201,2753.3394,2215.952,1510.1924,871.3897,436.0764,183.8396,65.389,22.5099,13.5248,10.5417,8.036,5.6912,3.7093,2.0249,0.7455,0.1454,-0.0128,-0.044,-0.0353,-0.0177,-0.0058,-0.0014,-0.0003,0,0,0
0,0,0,0,0,0,0,0,0,0,0,0,0,0,0,0,0,0,0,0,0,0,0,0,0,0,0,0,0,0,0,0,0,0,0,0,0,0,0,0,0,0,0,0,0,0,0,0,0,0,0,0,0,0,0,0,0,0,0,0,0,0,0,0,0,0,-0.0001,-0.0007,-0.0019,-0.0038,-0.0072,-0.017,-0.0376,-0.1085,-0.2646,-0.3685,-0.378,-0.5631,-1.6832,-5.3812,-10.7516,-14.0421,-14.9156,-6.1353,32.943,96.1322,191.8311,365.5428,675.3496,1191.4964,1912.6193,2684.8825,3512.5332,4518.8976,5500.967,5952.4901,5797.595,5476.9683,5111.8584,4640.5323,4175.8624,3751.3931,3312.1149,2750.1773,1945.9423,1171.5939,612.6048,268.6221,97.4955,32.6755,19.462,16.0762,12.9149,9.5737,6.6027,3.8038,1.4546,0.2782,-0.0386,-0.1024,-0.0835,-0.0431,-0.0145,-0.0036,-0.0007,-0.0001,0,0
0,0,0,0,0,0,0,0,0,0,0,0,0,0,0,0,0,0,0,0,0,0,0,0,0,0,0,0,0,0,0,0,0,0,0,0,0,0,0,0,0,0,0,0,0,0,0,0,0,0,0,0,0,0,0,0,0,0,0,0,0,0,0,0,0,0,0,-0.0002,-0.0006,-0.0013,-0.0027,-0.0065,-0.015,-0.0452,-0.1155,-0.1731,-0.2009,-0.3145,-0.8765,-2.777,-5.7347,-7.8863,-9.0068,-4.7315,17.6977,56.6788,120.5007,242.1879,465.8568,850.1454,1414.1513,2063.6349,2816.3562,3774.2076,4777.7918,5388.9441,5476.9683,5392.6139,5236.975,4936.3033,4597.8452,4262.2622,3877.4009,3328.6439,2448.1092,1538.0112,839.0934,381.8112,140.815,45.5969,26.9754,23.888,20.3227,15.7796,11.4843,6.9628,2.7554,0.5087,-0.1075,-0.2348,-0.1937,-0.1028,-0.0359,-0.0091,-0.0018,-0.0003,-0.0001,0
0,0,0,0,0,0,0,0,0,0,0,0,0,0,0,0,0,0,0,0,0,0,0,0,0,0,0,0,0,0,0,0,0,0,0,0,0,0,0,0,0,0,0,0,0,0,0,0,0,0,0,0,0,0,0,0,0,0,0,0,0,0,0,0,0,0,0,-0.0001,-0.0002,-0.0005,-0.001,-0.0025,-0.0059,-0.0186,-0.0495,-0.0784,-0.0987,-0.1618,-0.444,-1.4181,-3.0248,-4.3398,-5.2183,-3.0947,9.9217,34.0956,76.2851,160.2213,319.5148,603.3935,1041.8649,1581.6073,2247.7135,3130.935,4117.3253,4831.5746,5111.8584,5236.975,5288.5924,5177.9136,4999.2503,4794.3335,4506.5038,4004.8641,3058.6663,1999.9057,1135.8925,536.5493,202.6733,64.8036,38.3709,36.1355,32.3937,26.2614,20.0514,12.7286,5.2092,0.9408,-0.2635,-0.5262,-0.4431,-0.2422,-0.0875,-0.023,-0.0048,-0.0008,-0.0001,0
0,0,0,0,0,0,0,0,0,0,0,0,0,0,0,0,0,0,0,0,0,0,0,0,0,0,0,0,0,0,0,0,0,0,0,0,0,0,0,0,0,0,0,0,0,0,0,0,0,0,0,0,0,0,0,0,0,0,0,0,0,0,0,0,0,0,0,0,-0.0001,-0.0002,-0.0004,-0.0009,-0.0023,-0.0074,-0.0204,-0.0332,-0.0433,-0.0754,-0.2174,-0.7143,-1.567,-2.3125,-2.8649,-1.7801,5.8802,21.0755,48.7467,105.3363,215.8498,420.7178,754.5202,1190.2583,1754.9131,2536.4939,3466.828,4225.5074,4640.5323,4936.3033,5177.9136,5269.0253,5288.016,5273.9582,5156.6611,4762.5251,3777.1925,2562.9688,1509.6892,739.1494,288.1841,93.838,56.9074,56.1286,52.5146,44.3378,35.3431,23.4224,9.9723,1.848,-0.5562,-1.1298,-0.9831,-0.5555,-0.2079,-0.0566,-0.0122,-0.0022,-0.0004,-0.0001
0.0001,0.0001,0,0,0,0,0,0,0,0,0,0,0,0,0,0,0,0,0,0,0,0,0,0,0,0,0,0,0,0,0,0,0,0,0,0,0,0,0,0,0,0,0,0,0,0,0,0,0,0,0,0,0,0,0,0,0,0,0,0,0,0,0,0,0,0,0,0,0,-0.0001,-0.0001,-0.0003,-0.0009,-0.0029,-0.0081,-0.0131,-0.0163,-0.0307,-0.1026,-0.36,-0.8122,-1.2118,-1.5033,-0.8886,3.8777,13.9776,32.7,71.2639,148.0882,295.7734,549.546,897.23,1364.454,2044.2059,2909.4708,3677.2105,4175.8624,4597.8452,4999.2503,5288.016,5536.7684,5785.5287,5940.549,5733.6259,4721.0652,3308.7983,2007.8132,1014.6358,412.2561,143.3958,93.0924,93.7477,90.0505,78.8978,65.1934,44.9327,20.1238,4.147,-0.9516,-2.3259,-2.1347,-1.2555,-0.4867,-0.1372,-0.0307,-0.0058,-0.0012,-0.0002
0.0001,0.0002,0.0001,0.0001,0,0,0,0,0,0,0,0,0,0,0,0,0,0,0,0,0,0,0,0,0,0,0,0,0,0,0,0,0,0,0,0,0,0,0,0,0,0,0,0,0,0,0,0,0,0,0,0,0,0,0,0,0,0,0,0,0,0,0,0,0,0,0,0,0,0,0,-0.0001,-0.0003,-0.0011,-0.0033,-0.005,-0.0056,-0.0123,-0.0511,-0.1918,-0.4396,-0.6468,-0.7668,-0.3669,2.7855,9.8991,23.046,49.7288,103.4931,210.5327,405.1556,683.5849,1066.9936,1653.0506,2451.3134,3206.2201,3751.3931,4262.2622,4794.3335,5273.9582,5785.5287,6399.2573,7003.4665,7129.7722,6096.6279,4377.8427,2696.4682,1386.9571,589.0362,230.0336,171.6598,174.8327,169.6174,153.2993,130.2395,93.2733,44.554,10.8466,-1.0007,-4.605,-4.5896,-2.8301,-1.1385,-0.3329,-0.0782,-0.0158,-0.0034,-0.0008
0.0003,0.0006,0.0004,0.0002,0.0001,0,0,0,0,0,0,0,0,0,0,0,0,0,0,0,0,0,0,0,0,0,0,0,0,0,0,0,0,0,0,0,0,0,0,0,0,0,0,0,0,0,0,0,0,0,0,0,0,0,0,0,0,0,0,0,0,0,0,0,0,0,0,0,0,0,0,-0.0001,-0.0001,-0.0005,-0.0014,-0.0021,-0.0028,-0.0078,-0.0326,-0.117,-0.2654,-0.3868,-0.4456,-0.235,1.674,6.2564,14.6879,31.8343,68.0153,144.5078,293.7255,519.3902,837.3772,1333.4084,2043.1894,2753.3394,3312.1149,3877.4009,4506.5038,5156.6611,5940.549,7003.4665,8272.5344,8983.6902,8033.3141,5919.5305,3668.3041,1885.6601,813.2641,343.9501,306.0398,327.3545,324.7365,305.2207,268.7522,201.6199,103.0452,28.7779,0.2733,-9.0464,-9.869,-6.3599,-2.6521,-0.8087,-0.2023,-0.0443,-0.0105,-0.003
0.0007,0.0018,0.0012,0.0006,0.0002,0,0,0,0,0,0,0,0,0,0,0,0,0,0,0,0,0,0,0,0,0,0,0,0,0,0,0,0,0,0,0,0,0,0,0,0,0,0,0,0,0,0,0,0,0,0,0,0,0,0,0,0,0,0,0,0,0,0,0,0,0,0,0,0,0,0,0,-0.0001,-0.0002,-0.0006,-0.0011,-0.002,-0.006,-0.0214,-0.0698,-0.1578,-0.241,-0.3038,-0.276,0.5571,2.731,6.8201,15.7944,37.3921,88.0981,195.4236,370.1247,626.5616,1021.8701,1599.5518,2215.952,2750.1773,3328.6439,4004.8641,4762.5251,5733.6259,7129.7722,8983.6902,10388.7826,9813.3632,7576.7239,4838.2223,2514.234,1048.9921,400.3551,402.4528,481.9952,508.6903,509.6094,477.4311,380.3664,205.2015,60.0856,1.2862,-18.3883,-20.7002,-13.6778,-5.8809,-1.8658,-0.4934,-0.1173,-0.0294,-0.0091
0.0022,0.0053,0.0036,0.0018,0.0006,0.0001,0,0,0,0,0,0,0,0,0,0,0,0,0,0,0,0,0,0,0,0,0,0,0,0,0,0,0,0,0,0,0,0,0,0,0,0,0,0,0,0,0,0,0,0,0,0,0,0,0,0,0,0,0,0,0,0,0,0,0,0,0,0,0,0,0,0,0,-0.0001,-0.0002,-0.0005,-0.0011,-0.0035,-0.0112,-0.034,-0.0785,-0.1313,-0.1917,-0.2548,-0.086,0.4782,1.6585,5.0193,15.5067,43.8161,108.7359,222.2491,397.1987,663.2066,1057.1786,1510.1924,1945.9423,2448.1092,3058.6663,3777.1925,4721.0652,6096.6279,8033.3141,9813.3632,9903.2895,8266.5702,5679.5774,3101.1798,1232.474,302.4174,271.9092,425.4421,512.5658,574.0331,603.5134,528.8875,299.1835,83.4962,-5.6242,-35.1636,-38.04,-25.3147,-11.167,-3.6633,-1.0036,-0.254,-0.0649,-0.0193
0.0074,0.0134,0.0093,0.0047,0.0014,0.0002,0.0001,0,0,0,0,0,0,0,0,0,0,0,0,0,0,0,0,0,0,0,0,0,0,0,0,0,0,0,0,0,0,0,0,0,0,0,0,0,0,0,0,0,0,0,0,0,0,0,0,0,0,0,0,0,0,0,0,0,0,0,0,0,0,0,0,0,0,0,-0.0001,-0.0002,-0.0005,-0.0015,-0.0044,-0.0131,-0.0321,-0.06,-0.0997,-0.1575,-0.1948,-0.2217,-0.1719,0.6922,5.0343,18.5836,51.7062,113.0597,211.8156,361.9741,588.9359,871.3897,1171.5939,1538.0112,1999.9057,2562.9688,3308.7983,4377.8427,5919.5305,7576.7239,8266.5702,7739.4866,6008.4419,3619.4325,1471.0941,174.7985,-75.738,66.7354,183.0916,296.1894,437.6006,476.0634,282.5984,56.0605,-33.4397,-61.0899,-60.3804,-39.9283,-18.0111,-6.0604,-1.672,-0.4369,-0.1089,-0.0262
0.0178,0.0266,0.0187,0.0095,0.0028,0.0002,0.0001,0.0001,0,0,0,0,0,0,0,0,0,0,0,0,0,0,0,0,0,0,0,0,0,0,0,0,0,0,0,0,0,0,0,0,0,0,0,0,0,0,0,0,0,0,0,0,0,0,0,0,0,0,0,0,0,0,0,0,0,0,0,0,0,0,0,0,0,0,0,0,-0.0001,-0.0004,-0.0011,-0.0036,-0.0096,-0.02,-0.0362,-0.0583,-0.0795,-0.1192,-0.1484,0.1497,1.9273,7.6723,21.9752,49.2122,94.5701,167.054,282.3732,436.0764,612.6048,839.0934,1135.8925,1509.6892,2007.8132,2696.4682,3668.3041,4838.2223,5679.5774,6008.4419,5366.3178,3673.9513,1700.3714,241.544,-313.7685,-314.1306,-263.1149,-190.0416,9.3015,172.381,105.0761,-36.0118,-78.5761,-88.1912,-79.9561,-52.8116,-24.4407,-8.3713,-2.261,-0.5743,-0.132,-0.0159
0.028,0.0374,0.0272,0.0142,0.0043,0.0003,0.0002,0.0001,0,0,0,0,0,0,0,0,0,0,0,0,0,0,0,0,0,0,0,0,0,0,0,0,0,0,0,0,0,0,0,0,0,0,0,0,0,0,0,0,0,0,0,0,0,0,0,0,0,0,0,0,0,0,0,0,0,0,0,0,0,0,0,0,0,0,0,0,0,0,-0.0001,-0.0006,-0.0019,-0.0044,-0.0084,-0.0113,-0.006,0.0074,0.0484,0.2396,0.9661,3.0782,8.162,17.755,33.9298,62.8392,113.2905,183.8396,268.6221,381.8112,536.5493,739.1494,1014.6358,1386.9571,1885.6601,2514.234,3101.1798,3619.4325,3673.9513,2880.1603,1599.6467,430.3482,-233.0289,-390.7053,-443.721,-475.1645,-337.0236,-161.1315,-112.3686,-123.8772,-103.4882,-93.6883,-81.3255,-55.0162,-26.4276,-9.1754,-2.3913,-0.537,-0.1024,0.013
0.0212,0.0234,0.0175,0.0101,0.0045,0.0019,0.0013,0.0005,0.0001,0,0,0,0,0,0,0,0,0,0,0,0,0,0,0,0,0,0,0,0,0,0,0,0,0,0,0,0,0,0,0,0,0,0,0,0,0,0,0,0,0,0,0,0,0,0,0,0,0,0,0,0,0,0,0,0,0,0,0,0,0,0,0,0,0,0,0,0,0,0,0,-0.0001,-0.0002,-0.0001,0.0029,0.0162,0.049,0.1197,0.2792,0.6229,1.356,2.8496,5.3099,9.1246,18.4312,37.9773,65.389,97.4955,140.815,202.6733,288.1841,412.2561,589.0362,813.2641,1048.9921,1232.474,1471.0941,1700.3714,1599.6467,1228.7067,730.3452,258.692,10.2156,-135.7253,-299.6968,-355.4355,-329.2234,-247.9046,-143.8637,-74.5641,-56.8446,-50.2979,-37.629,-19.5768,-6.8981,-1.6781,-0.1843,-0.0077,0.0259
-0.0279,-0.0462,-0.0369,-0.0172,0.0018,0.0086,0.0055,0.0019,0.0006,0.0002,0,-0.0001,0,0,0,0,0,0,0,0,0,0,0,0,0,0,0,0,0,0,0,0,0,0,0,0,0,0,0,0,0,0,0,0,0,0,0,0,0,0,0,0,0,0,0,0,0,0,0,0,0,0,0,0,0,0,0,0,0,0,0,0,0,0,0,0,0,0,0,0.0001,0.0001,0.0003,0.001,0.0036,0.0128,0.0363,0.0869,0.188,0.3591,0.6361,1.069,1.5651,2.0396,4.8636,12.4756,22.5099,32.6755,45.5969,64.8036,93.838,143.3958,230.0336,343.9501,400.3551,302.4174,174.7985,241.544,430.3482,730.3452,931.7871,867.8532,683.2494,547.6478,320.3986,31.971,-206.2313,-213.7571,-71.8157,3.5452,10.6014,2.7306,-5.7035,-5.3452,-1.9876,-0.4094,0.3555,0.0811,-0.064
-0.1382,-0.1613,-0.1321,-0.0628,0.0044,0.0294,0.0169,0.006,0.0023,0.001,0.0002,-0.0001,-0.0001,0,0,0,0,0,0,0,0,0,0,0,0,0,0,0,0,0,0,0,0,0,0,0,0,0,0,0,0,0,0,0,0,0,0,0,0,0,0,0,0,0,0,0,0,0,0,0,0,0,0,0,0,0,0,0,0,0,0,0,0,0,0,0,0,0,0,0,0,0.0001,0.0005,0.0017,0.0055,0.0157,0.0384,0.0835,0.1586,0.2857,0.5116,0.8508,1.3312,3.1406,7.629,13.5248,19.462,26.9754,38.3709,56.9074,93.0924,171.6598,306.0398,402.4528,271.9092,-75.738,-313.7685,-233.0289,258.692,867.8532,1277.5162,1349.7981,1390.666,1278.0804,896.7756,417.3307,169.1943,143.8196,109.8523,60.0015,23.8786,2.1734,-3.0065,-2.3181,-1.6533,-0.1454,-0.2758,-0.5007
-0.326,-0.3025,-0.2461,-0.108,0.0325,0.0816,0.0439,0.0163,0.0066,0.003,0.0008,-0.0002,-0.0002,0,0,0,0,0,0,0,0,0,0,0,0,0,0,0,0,0,0,0,0,0,0,0,0,0,0,0,0,0,0,0,0,0,0,0,0,0,0,0,0,0,0,0,0,0,0,0,0,0,0,0,0,0,0,0,0,0,0,0,0,0,0,0,0,0,0,0,0,0,0.0002,0.0006,0.0019,0.0054,0.0137,0.0306,0.061,0.1243,0.2715,0.5766,1.1608,2.6484,5.8914,10.5417,16.0762,23.888,36.1355,56.1286,93.7477,174.8327,327.3545,481.9952,425.4421,66.7354,-314.1306,-390.7053,10.2156,683.2494,1349.7981,1673.8062,1944.0265,2056.2811,1756.8419,1170.7892,676.8161,395.9675,194.7043,58.9856,-14.9982,-36.9282,-26.3288,-14.0091,-7.7329,-2.6012,-1.3843,-1.4345
-0.758,-0.5656,-0.4325,-0.1641,0.1303,0.2261,0.1155,0.0444,0.0194,0.0088,0.0032,0.0001,-0.0002,-0.0001,0,0,0,0,0,0,0,0,0,0,0,0,0,0,0,0,0,0,0,0,0,0,0,0,0,0,0,0,0,0,0,0,0,0,0,0,0,0,0,0,0,0,0,0,0,0,0,0,0,0,0,0,0,0,0,0,0,0,0,0,0,0,0,0,0,0,0,0,0.0001,0.0002,0.0006,0.0019,0.005,0.0115,0.0243,0.0569,0.1479,0.3711,0.8546,1.9867,4.3662,8.036,12.9149,20.3227,32.3937,52.5146,90.0505,169.6174,324.7365,508.6903,512.5658,183.0916,-263.1149,-443.721,-135.7253,547.6478,1390.666,1944.0265,2516.8069,3001.1299,2929.5607,2281.0889,1476.5394,826.3543,344.6536,46.0269,-104.4103,-127.2559,-81.4367,-41.214,-21.7204,-8.7481,-4.0156,-3.5304
-1.625,-0.8937,-0.5414,-0.0989,0.4126,0.5467,0.2608,0.1056,0.0511,0.0224,0.0102,0.0028,0.0003,0.0001,0,0,0,0,0,0,0,0,0,0,0,0,0,0,0,0,0,0,0,0,0,0,0,0,0,0,0,0,0,0,0,0,0,0,0,0,0,0,0,0,0,0,0,0,0,0,0,0,0,0,0,0,0,0,0,0,0,0,0,0,0,0,0,0,0,0,0,0,0,0,0.0002,0.0006,0.0017,0.0039,0.0088,0.0242,0.0753,0.2172,0.5556,1.3386,2.9879,5.6912,9.5737,15.7796,26.2614,44.3378,78.8978,153.2993,305.2207,509.6094,574.0331,296.1894,-190.0416,-475.1645,-299.6968,320.3986,1278.0804,2056.2811,3001.1299,4124.8342,4638.847,4193.978,3052.0002,1762.9467,724.5055,85.3432,-242.0521,-291.3848,-186.1643,-93.5268,-50.0003,-23.2405,-10.2382,-8.0858
-2.6915,-0.5348,0.2261,0.6595,1.0937,1.041,0.446,0.2024,0.1092,0.0425,0.0268,0.0161,0.0053,0.0012,0.0002,0,0,0,0,0,0,0,0,0,0,0,0,0,0,0,0,0,0,0,0,0,0,0,0,0,0,0,0,0,0,0,0,0,0,0,0,0,0,0,0,0,0,0,0,0,0,0,0,0,0,0,0,0,0,0,0,0,0,0,0,0,0,0,0,0,0,0,0,0,0,0.0001,0.0004,0.0011,0.0027,0.0094,0.035,0.1135,0.3155,0.796,1.8493,3.7093,6.6027,11.4843,20.0514,35.3431,65.1934,130.2395,268.7522,477.4311,603.5134,437.6006,9.3015,-337.0236,-355.4355,31.971,896.7756,1756.8419,2929.5607,4638.847,6034.2807,6296.3763,5083.6218,3038.2838,1254.7634,118.6234,-496.6452,-600.9362,-391.7944,-197.217,-103.4523,-51.5607,-22.3468,-15.753
-3.4587,1.6985,3.1471,3.0686,2.3179,1.3914,0.5068,0.3341,0.1984,0.0504,0.0567,0.063,0.027,0.0065,0.0011,0.0001,0,0,0,0,0,0,0,0,0,0,0,0,0,0,0,0,0,0,0,0,0,0,0,0,0,0,0,0,0,0,0,0,0,0,0,0,0,0,0,0,0,0,0,0,0,0,0,0,0,0,0,0,0,0,0,0,0,0,0,0,0,0,0,0,0,0,0,0,0,0,0,0.0001,0.0006,0.0032,0.0147,0.0518,0.1526,0.3977,0.9598,2.0249,3.8038,6.9628,12.7286,23.4224,44.9327,93.2733,201.6199,380.3664,528.8875,476.0634,172.381,-161.1315,-329.2234,-206.2313,417.3307,1170.7892,2281.0889,4193.978,6296.3763,7588.8246,6792.7988,4230.0745,1820.0572,218.3327,-727.1996,-936.7821,-635.8438,-329.2425,-173.3263,-91.9512,-41.1895,-26.5097
-4.2474,2.9509,5.3406,5.1012,3.1154,1.2574,0.35,0.4685,0.3055,0.0338,0.0824,0.1359,0.0646,0.0162,0.0028,0.0004,0,0,0,0,0,0,0,0,0,0,0,0,0,0,0,0,0,0,0,0,0,0,0,0,0,0,0,0,0,0,0,0,0,0,0,0,0,0,0,0,0,0,0,0,0,0,0,0,0,0,0,0,0,0,0,0,0,0,0,0,0,0,0,0,0,0,0,0,0,0,0,0,0.0001,0.0008,0.0042,0.0158,0.0486,0.1326,0.3375,0.7455,1.4546,2.7554,5.2092,9.9723,20.1238,44.554,103.0452,205.2015,299.1835,282.5984,105.0761,-112.3686,-247.9046,-213.7571,169.1943,676.8161,1476.5394,3052.0002,5083.6218,6792.7988,6658.4215,4500.1369,2209.6599,593.5567,-443.6194,-780.5478,-566.7526,-307.4573,-177.3961,-106.0755,-51.9823,-34.1236
-6.0102,-2.603,0.3743,1.6654,1.6224,0.9151,0.2783,0.5372,0.4086,0.0475,0.0533,0.1179,0.0574,0.0157,0.003,0.0004,0,0,0,0,0,0,0,0,0,0,0,0,0,0,0,0,0,0,0,0,0,0,0,0,0,0,0,0,0,0,0,0,0,0,0,0,0,0,0,0,0,0,0,0,0,0,0,0,0,0,0,0,0,0,0,0,0,0,0,0,0,0,0,0,0,0,0,0,0,0,0,0,0,0.0002,0.0007,0.0023,0.007,0.0215,0.0631,0.1454,0.2782,0.5087,0.9408,1.848,4.147,10.8466,28.7779,60.0856,83.4962,56.0605,-36.0118,-123.8772,-143.8637,-71.8157,143.8196,395.9675,826.3543,1762.9467,3038.2838,4230.0745,4500.1369,3539.9399,2189.6728,1136.1765,408.488,26.2439,-28.7777,-22.0734,-50.8621,-54.2516,-34.2848,-28.3946
-7.1703,-11.8089,-9.5642,-6.5475,-3.1719,-1.1487,-0.5042,0.1583,0.3009,0.021,-0.1147,-0.0928,-0.0497,-0.0109,-0.0012,-0.0003,0.0001,0.0001,0.0001,0,0,0,0,0,0,0,0,0,0,0,0,0,0,0,0,0,0,0,0,0,0,0,0,0,0,0,0,0,0,0,0,0,0,0,0,0,0,0,0,0,0,0,0,0,0,0,0,0,0,0,0,0,0,0,0,0,0,0,0,0,0,0,0,0,0,0,0,0,0,0,0,-0.0004,-0.0018,-0.004,-0.0059,-0.0128,-0.0386,-0.1075,-0.2635,-0.5562,-0.9516,-1.0007,0.2733,1.2862,-5.6242,-33.4397,-78.5761,-103.4882,-74.5641,3.5452,109.8523,194.7043,344.6536,724.5055,1254.7634,1820.0572,2209.6599,2189.6728,1801.8457,1456.2886,1191.3138,885.6876,591.8007,328.2251,123.6707,29.5418,-0.4306,-12.4726
-8.0484,-27.1192,-27.4889,-23.1507,-15.488,-9.0666,-4.592,-2.1177,-0.815,-0.3872,-0.735,-0.832,-0.4385,-0.1148,-0.0193,-0.003,0.0003,0.0008,0.0005,0.0002,0.0001,0,0,0,0,0,0,0,0,0,0,0,0,0,0,0,0,0,0,0,0,0,0,0,0,0,0,0,0,0,0,0,0,0,0,0,0,0,0,0,0,0,0,0,0,0,0,0,0,0,0,0,0,0,0,0,0,0,0,0,0,0,0,0,0,0,0,0,0,0,-0.0002,-0.0008,-0.0026,-0.0073,-0.0181,-0.044,-0.1024,-0.2348,-0.5262,-1.1298,-2.3259,-4.605,-9.0464,-18.3883,-35.1636,-61.0899,-88.1912,-93.6883,-56.8446,10.6014,60.0015,58.9856,46.0269,85.3432,118.6234,218.3327,593.5567,1136.1765,1456.2886,1825.7068,2162.4811,2056.9045,1502.672,858.9929,389.0741,153.522,50.8235,12.0656
-10.6636,-53.3789,-59.2521,-54.207,-39.6946,-25.5812,-14.0489,-8.0502,-4.0148,-1.5872,-2.4052,-2.9416,-1.6015,-0.4417,-0.0795,-0.0126,0.0011,0.0032,0.0021,0.0011,0.0005,0.0002,0.0001,0,0,0,0,0,0,0,0,0,0,0,0,0,0,0,0,0,0,0,0,0,0,0,0,0,0,0,0,0,0,0,0,0,0,0,0,0,0,0,0,0,0,0,0,0,0,0,0,0,0,0,0,0,0,0,0,0,0,0,0,0,0,0,0,0,0,0,-0.0001,-0.0005,-0.0017,-0.0051,-0.0139,-0.0353,-0.0835,-0.1937,-0.4431,-0.9831,-2.1347,-4.5896,-9.869,-20.7002,-38.04,-60.3804,-79.9561,-81.3255,-50.2979,2.7306,23.8786,-14.9982,-104.4103,-242.0521,-496.6452,-727.1996,-443.6194,408.488,1191.3138,2162.4811,3169.1421,3408.4278,2636.8245,1549.911,736.3777,313.5541,119.5673,43.3368
-15.2652,-78.6144,-91.3427,-87.8346,-67.454,-45.3577,-26.3085,-16.5141,-8.8694,-3.4007,-5.0991,-6.6181,-3.7391,-1.0746,-0.2024,-0.0333,0.0025,0.0085,0.0058,0.0031,0.0015,0.0007,0.0002,0.0001,0,0,0,0,0,0,0,0,0,0,0,0,0,0,0,0,0,0,0,0,0,0,0,0,0,0,0,0,0,0,0,0,0,0,0,0,0,0,0,0,0,0,0,0,0,0,0,0,0,0,0,0,0,0,0,0,0,0,0,0,0,0,0,0,0,0,-0.0001,-0.0002,-0.0007,-0.0023,-0.0067,-0.0177,-0.0431,-0.1028,-0.2422,-0.5555,-1.2555,-2.8301,-6.3599,-13.6778,-25.3147,-39.9283,-52.8116,-55.0162,-37.629,-5.7035,2.1734,-36.9282,-127.2559,-291.3848,-600.9362,-936.7821,-780.5478,26.2439,885.6876,2056.9045,3408.4278,3975.8187,3228.3766,1953.6169,949.7777,410.4414,163.5438,60.8718
-14.6127,-82.9279,-99.615,-99.9833,-80.7109,-57.5086,-35.5302,-23.409,-13.215,-5.2346,-7.6174,-10.219,-5.9787,-1.783,-0.3482,-0.0592,0.0044,0.0162,0.0113,0.0064,0.0033,0.0014,0.0005,0.0001,0,0,0,0,0,0,0,0,0,0,0,0,0,0,0,0,0,0,0,0,0,0,0,0,0,0,0,0,0,0,0,0,0,0,0,0,0,0,0,0,0,0,0,0,0,0,0,0,0,0,0,0,0,0,0,0,0,0,0,0,0,0,0,0,0,0,0,-0.0001,-0.0002,-0.0007,-0.0021,-0.0058,-0.0145,-0.0359,-0.0875,-0.2079,-0.4867,-1.1385,-2.6521,-5.8809,-11.167,-18.0111,-24.4407,-26.4276,-19.5768,-5.3452,-3.0065,-26.3288,-81.4367,-186.1643,-391.7944,-635.8438,-566.7526,-28.7777,591.8007,1502.672,2636.8245,3228.3766,2740.9535,1727.1178,869.9168,385.1737,160.6377,63.5238
-7.4815,-65.5222,-81.2274,-85.8462,-73.9492,-57.1761,-37.9536,-26.0064,-15.2234,-6.4774,-9.002,-12.1106,-7.2931,-2.2539,-0.4549,-0.0798,0.006,0.0236,0.017,0.0098,0.0052,0.0024,0.0009,0.0003,0,0,0,0,0,0,0,0,0,0,0,0,0,0,0,0,0,0,0,0,0,0,0,0,0,0,0,0,0,0,0,0,0,0,0,0,0,0,0,0,0,0,0,0,0,0,0,0,0,0,0,0,0,0,0,0,0,0,0,0,0,0,0,0,0,0,0,0,0,-0.0002,-0.0005,-0.0014,-0.0036,-0.0091,-0.023,-0.0566,-0.1372,-0.3329,-0.8087,-1.8658,-3.6633,-6.0604,-8.3713,-9.1754,-6.8981,-1.9876,-2.3181,-14.0091,-41.214,-93.5268,-197.217,-329.2425,-307.4573,-22.0734,328.2251,858.9929,1549.911,1953.6169,1727.1178,1147.4945,614.0186,287.5224,129.31,61.1565
2.7702,-40.2737,-54.7332,-62.5395,-60.4558,-52.9095,-36.8237,-25.7596,-15.8445,-7.2837,-9.5058,-12.4427,-7.6468,-2.4527,-0.5125,-0.0908,0.0084,0.0302,0.0221,0.0128,0.007,0.0034,0.0014,0.0004,0,-0.0001,0,0,0,0,0,0,0,0,0,0,0,0,0,0,0,0,0,0,0,0,0,0,0,0,0,0,0,0,0,0,0,0,0,0,0,0,0,0,0,0,0,0,0,0,0,0,0,0,0,0,0,0,0,0,0,0,0,0,0,0,0,0,0,0,0,0,0,0,-0.0001,-0.0003,-0.0007,-0.0018,-0.0048,-0.0122,-0.0307,-0.0782,-0.2023,-0.4934,-1.0036,-1.672,-2.261,-2.3913,-1.6781,-0.4094,-1.6533,-7.7329,-21.7204,-50.0003,-103.4523,-173.3263,-177.3961,-50.8621,123.6707,389.0741,736.3777,949.7777,869.9168,614.0186,363.768,191.5074,95.509,59.309
7.3758,-24.2164,-39.2521,-47.5767,-47.6815,-42.3437,-28.4654,-20.6085,-13.771,-6.2421,-9.2092,-13.1181,-8.4054,-2.8028,-0.6097,-0.1101,0.0126,0.041,0.0299,0.0169,0.0096,0.0051,0.0022,0.0007,0.0001,-0.0001,-0.0001,0,0,0,0,0,0,0,0,0,0,0,0,0,0,0,0,0,0,0,0,0,0,0,0,0,0,0,0,0,0,0,0,0,0,0,0,0,0,0,0,0,0,0,0,0,0,0,0,0,0,0,0,0,0,0,0,0,0,0,0,0,0,0,0,0,0,0,0,0,-0.0001,-0.0003,-0.0008,-0.0022,-0.0058,-0.0158,-0.0443,-0.1173,-0.254,-0.4369,-0.5743,-0.537,-0.1843,0.3555,-0.1454,-2.6012,-8.7481,-23.2405,-51.5607,-91.9512,-106.0755,-54.2516,29.5418,153.522,313.5541,410.4414,385.1737,287.5224,191.5074,122.3785,68.522,50.1428
8.5126,-10.7537,-19.7511,-27.6458,-30.9972,-31.4797,-24.9867,-20.8872,-14.6734,-6.7344,-8.2414,-11.7387,-7.672,-2.6444,-0.597,-0.1159,0.0064,0.0419,0.0326,0.0192,0.0112,0.006,0.0028,0.0009,0.0001,-0.0002,-0.0001,-0.0001,0,0,0,0,0,0,0,0,0,0,0,0,0,0,0,0,0,0,0,0,0,0,0,0,0,0,0,0,0,0,0,0,0,0,0,0,0,0,0,0,0,0,0,0,0,0,0,0,0,0,0,0,0,0,0,0,0,0,0,0,0,0,0,0,0,0,0,0,0,-0.0001,-0.0001,-0.0004,-0.0012,-0.0034,-0.0105,-0.0294,-0.0649,-0.1089,-0.132,-0.1024,-0.0077,0.0811,-0.2758,-1.3843,-4.0156,-10.2382,-22.3468,-41.1895,-51.9823,-34.2848,-0.4306,50.8235,119.5673,163.5438,160.6377,129.31,95.509,68.522,46.0974,41.2239
15.3221,3.0363,-0.5402,-9.7635,-28.2649,-47.1714,-42.6353,-34.6998,-25.6883,-14.5361,-11.62,-10.5221,-5.8743,-2.0392,-0.4672,-0.085,0.0066,0.0449,0.0362,0.0204,0.0108,0.006,0.0035,0.0014,0.0002,-0.0002,-0.0002,-0.0001,0,0,0,0,0,0,0,0,0,0,0,0,0,0,0,0,0,0,0,0,0,0,0,0,0,0,0,0,0,0,0,0,0,0,0,0,0,0,0,0,0,0,0,0,0,0,0,0,0,0,0,0,0,0,0,0,0,0,0,0,0,0,0,0,0,0,0,0,0,0,0,-0.0001,-0.0002,-0.0008,-0.003,-0.0091,-0.0193,-0.0262,-0.0159,0.013,0.0259,-0.064,-0.5007,-1.4345,-3.5304,-8.0858,-15.753,-26.5097,-34.1236,-28.3946,-12.4726,12.0656,43.3368,60.8718,63.5238,61.1565,59.309,50.1428,41.2239,50.9042